Average cost of fossil fuels for electricity generation (per Btu) for petroleum coke,,,,,,,,,,,,,,,,,,,,,,,,,,,,,,,,,,,,,,,,,,,,,,,,,,,,,,,,,,,,,,,,,,,,,,,,,,,,,,,,,,,,,,,,,,,,,,,,,,,,,,,,,,,,,
,,,,,,,,,,,,,,,,,,,,,,,,,,,,,,,,,,,,,,,,,,,,,,,,,,,,,,,,,,,,,,,,,,,,,,,,,,,,,,,,,,,,,,,,,,,,,,,,,,,,,,,,,,,,,
,,,,,,,,,,,,,,,,,,,,,,,,,,,,,,,,,,,,,,,,,,,,,,,,,,,,,,,,,,,,,,,,,,,,,,,,,,,,,,,,,,,,,,,,,,,,,,,,,,,,,,,,,,,,,
,,,,,,,,,,,,,,,,,,,,,,,,,,,,,,,,,,,,,,,,,,,,,,,,,,,,,,,,,,,,,,,,,,,,,,,,,,,,,,,,,,,,,,,,,,,,,,,,,,,,,,,,,,,,,
description,units,source key,Jan-08,Feb-08,Mar-08,Apr-08,May-08,Jun-08,Jul-08,Aug-08,Sep-08,Oct-08,Nov-08,Dec-08,Jan-09,Feb-09,Mar-09,Apr-09,May-09,Jun-09,Jul-09,Aug-09,Sep-09,Oct-09,Nov-09,Dec-09,Jan-10,Feb-10,Mar-10,Apr-10,May-10,Jun-10,Jul-10,Aug-10,Sep-10,Oct-10,Nov-10,Dec-10,Jan-11,Feb-11,Mar-11,Apr-11,May-11,Jun-11,Jul-11,Aug-11,Sep-11,Oct-11,Nov-11,Dec-11,Jan-12,Feb-12,Mar-12,Apr-12,May-12,Jun-12,Jul-12,Aug-12,Sep-12,Oct-12,Nov-12,Dec-12,Jan-13,Feb-13,Mar-13,Apr-13,May-13,Jun-13,Jul-13,Aug-13,Sep-13,Oct-13,Nov-13,Dec-13,Jan-14,Feb-14,Mar-14,Apr-14,May-14,Jun-14,Jul-14,Aug-14,Sep-14,Oct-14,Nov-14,Dec-14,Jan-15,Feb-15,Mar-15,Apr-15,May-15,Jun-15,Jul-15,Aug-15,Sep-15,Oct-15,Nov-15,Dec-15,Jan-16,Feb-16,Mar-16,Apr-16,May-16,Jun-16,Jul-16,Aug-16,Sep-16,Oct-16,Nov-16
Average cost of fossil fuels for electricity generation (per Btu) for petroleum coke,dollars per million Btu,,,,,,,,,,,,,,,,,,,,,,,,,,,,,,,,,,,,,,,,,,,,,,,,,,,,,,,,,,,,,,,,,,,,,,,,,,,,,,,,,,,,,,,,,,,,,,,,,,,,,,,,,,,,
United States,,ELEC.COST_BTU.PC-US-99.M,,,,,,,,,,,,,,,,,,,,,,,,,,,,,,,,,,,,,,,,,,,,,,,,,,,,,,,,,,,,,,,,,,,,,,,,,,,,,,,,,,,,,,,,,,,,,,,,,,,,,,,,,,,
United States : all sectors,,ELEC.COST_BTU.PC-US-99.M,,,,,,,,,,,,,,,,,,,,,,,,,,,,,,,,,,,,,,,,,,,,,,,,,,,,,,,,,,,,,,,,,,,,,,,,,,,,,,,,,,,,,,,,,,,,,,,,,,,,,,,,,,,
United States : electric power,dollars per million Btu,ELEC.COST_BTU.PC-US-98.M,1.46,1.6,1.66,1.59,1.71,1.66,1.6,2.36,2.12,2.01,1.97,2,1.95,1.74,1.55,1.12,1.68,1.55,1.59,1.82,1.32,1.53,1.21,1.57,1.67,1.79,2.06,2.15,2.19,2.11,2.38,2.63,2.67,2.37,2.13,2.53,W,W,W,3.18,3.22,2.64,3.18,W,W,W,W,W,2.27,W,W,W,W,2.24,2.36,2.4,W,W,W,W,1.97,2.05,2,W,W,W,W,W,W,W,1.87,W,W,2.01,W,W,W,W,W,W,W,W,W,W,W,W,W,W,W,W,W,W,W,W,W,W,W,W,W,W,W,W,W,W,W,W,W
United States : electric utility,dollars per million Btu,ELEC.COST_BTU.PC-US-1.M,1.87,2.05,1.92,1.86,2.05,2.05,1.78,2.41,2.31,2.21,2.37,2.53,2.06,1.92,1.72,1.15,1.86,1.78,1.73,1.94,1.39,1.58,1.21,1.64,1.76,1.96,2.24,2.3,2.32,2.22,2.5,2.69,2.71,2.51,2.28,2.75,3.35,3.02,3.32,3.52,3.57,2.85,3.41,3.18,2.94,3.23,2.11,2.34,2.45,2.46,1.93,1.98,2.75,2.4,2.64,2.62,2.5,2.07,2,2.05,1.97,2.05,2,2.23,2.28,2.36,2.25,2.15,2.09,2.06,1.87,1.93,1.79,2.01,1.94,2.07,2.13,1.97,1.79,1.85,1.81,1.65,1.7,1.9,1.94,1.72,1.95,1.95,1.98,1.73,1.86,1.76,1.72,1.77,1.46,1.35,1.15,1.13,1.21,1.14,1.22,1.33,1.43,1.62,1.96,1.87,2.23
United States : independent power producers,dollars per million Btu,ELEC.COST_BTU.PC-US-94.M,1.15,1.14,1.34,1.35,1.41,1.38,1.45,2.25,1.89,1.72,1.48,1.59,1.57,1.39,1.18,1.05,1.13,1.15,1.39,1.55,1.17,1.43,1.2,1.41,1.44,1.48,1.63,1.08,1.78,1.75,1.94,2.26,2.36,2.01,1.76,1.63,W,W,W,2.36,2.44,1.99,2.39,W,W,W,W,W,0.75,W,W,W,W,1.52,1.37,1.02,W,W,W,W,0,0,0,W,W,W,W,W,W,W,0,W,W,0,W,W,W,W,W,W,W,W,W,W,W,W,W,W,W,W,W,W,W,W,W,W,W,W,W,W,W,W,W,W,W,W,W
New England,,ELEC.COST_BTU.PC-NEW-99.M,,,,,,,,,,,,,,,,,,,,,,,,,,,,,,,,,,,,,,,,,,,,,,,,,,,,,,,,,,,,,,,,,,,,,,,,,,,,,,,,,,,,,,,,,,,,,,,,,,,,,,,,,,,
New England : all sectors,,ELEC.COST_BTU.PC-NEW-99.M,,,,,,,,,,,,,,,,,,,,,,,,,,,,,,,,,,,,,,,,,,,,,,,,,,,,,,,,,,,,,,,,,,,,,,,,,,,,,,,,,,,,,,,,,,,,,,,,,,,,,,,,,,,
New England : electric power,dollars per million Btu,ELEC.COST_BTU.PC-NEW-98.M,--,--,--,--,--,--,--,--,--,--,--,--,--,--,--,--,--,--,--,--,--,--,--,--,--,--,--,--,--,--,--,--,--,--,--,--,--,--,--,--,--,--,--,--,--,--,--,--,--,--,--,--,--,--,--,--,--,--,--,--,--,--,--,--,--,--,--,--,--,--,--,--,--,--,--,--,--,--,--,--,--,--,--,--,--,--,--,--,--,--,--,--,--,--,--,--,--,--,--,--,--,--,--,--,--,--,--
New England : electric utility,dollars per million Btu,ELEC.COST_BTU.PC-NEW-1.M,--,--,--,--,--,--,--,--,--,--,--,--,--,--,--,--,--,--,--,--,--,--,--,--,--,--,--,--,--,--,--,--,--,--,--,--,--,--,--,--,--,--,--,--,--,--,--,--,--,--,--,--,--,--,--,--,--,--,--,--,--,--,--,--,--,--,--,--,--,--,--,--,--,--,--,--,--,--,--,--,--,--,--,--,--,--,--,--,--,--,--,--,--,--,--,--,--,--,--,--,--,--,--,--,--,--,--
New England : independent power producers,dollars per million Btu,ELEC.COST_BTU.PC-NEW-94.M,--,--,--,--,--,--,--,--,--,--,--,--,--,--,--,--,--,--,--,--,--,--,--,--,--,--,--,--,--,--,--,--,--,--,--,--,--,--,--,--,--,--,--,--,--,--,--,--,--,--,--,--,--,--,--,--,--,--,--,--,--,--,--,--,--,--,--,--,--,--,--,--,--,--,--,--,--,--,--,--,--,--,--,--,--,--,--,--,--,--,--,--,--,--,--,--,--,--,--,--,--,--,--,--,--,--,--
Connecticut,,ELEC.COST_BTU.PC-CT-99.M,,,,,,,,,,,,,,,,,,,,,,,,,,,,,,,,,,,,,,,,,,,,,,,,,,,,,,,,,,,,,,,,,,,,,,,,,,,,,,,,,,,,,,,,,,,,,,,,,,,,,,,,,,,
Connecticut : all sectors,,ELEC.COST_BTU.PC-CT-99.M,,,,,,,,,,,,,,,,,,,,,,,,,,,,,,,,,,,,,,,,,,,,,,,,,,,,,,,,,,,,,,,,,,,,,,,,,,,,,,,,,,,,,,,,,,,,,,,,,,,,,,,,,,,
Connecticut : electric power,dollars per million Btu,ELEC.COST_BTU.PC-CT-98.M,--,--,--,--,--,--,--,--,--,--,--,--,--,--,--,--,--,--,--,--,--,--,--,--,--,--,--,--,--,--,--,--,--,--,--,--,--,--,--,--,--,--,--,--,--,--,--,--,--,--,--,--,--,--,--,--,--,--,--,--,--,--,--,--,--,--,--,--,--,--,--,--,--,--,--,--,--,--,--,--,--,--,--,--,--,--,--,--,--,--,--,--,--,--,--,--,--,--,--,--,--,--,--,--,--,--,--
Connecticut : electric utility,dollars per million Btu,ELEC.COST_BTU.PC-CT-1.M,--,--,--,--,--,--,--,--,--,--,--,--,--,--,--,--,--,--,--,--,--,--,--,--,--,--,--,--,--,--,--,--,--,--,--,--,--,--,--,--,--,--,--,--,--,--,--,--,--,--,--,--,--,--,--,--,--,--,--,--,--,--,--,--,--,--,--,--,--,--,--,--,--,--,--,--,--,--,--,--,--,--,--,--,--,--,--,--,--,--,--,--,--,--,--,--,--,--,--,--,--,--,--,--,--,--,--
Connecticut : independent power producers,dollars per million Btu,ELEC.COST_BTU.PC-CT-94.M,--,--,--,--,--,--,--,--,--,--,--,--,--,--,--,--,--,--,--,--,--,--,--,--,--,--,--,--,--,--,--,--,--,--,--,--,--,--,--,--,--,--,--,--,--,--,--,--,--,--,--,--,--,--,--,--,--,--,--,--,--,--,--,--,--,--,--,--,--,--,--,--,--,--,--,--,--,--,--,--,--,--,--,--,--,--,--,--,--,--,--,--,--,--,--,--,--,--,--,--,--,--,--,--,--,--,--
Maine,,ELEC.COST_BTU.PC-ME-99.M,,,,,,,,,,,,,,,,,,,,,,,,,,,,,,,,,,,,,,,,,,,,,,,,,,,,,,,,,,,,,,,,,,,,,,,,,,,,,,,,,,,,,,,,,,,,,,,,,,,,,,,,,,,
Maine : all sectors,,ELEC.COST_BTU.PC-ME-99.M,,,,,,,,,,,,,,,,,,,,,,,,,,,,,,,,,,,,,,,,,,,,,,,,,,,,,,,,,,,,,,,,,,,,,,,,,,,,,,,,,,,,,,,,,,,,,,,,,,,,,,,,,,,
Maine : electric power,dollars per million Btu,ELEC.COST_BTU.PC-ME-98.M,--,--,--,--,--,--,--,--,--,--,--,--,--,--,--,--,--,--,--,--,--,--,--,--,--,--,--,--,--,--,--,--,--,--,--,--,--,--,--,--,--,--,--,--,--,--,--,--,--,--,--,--,--,--,--,--,--,--,--,--,--,--,--,--,--,--,--,--,--,--,--,--,--,--,--,--,--,--,--,--,--,--,--,--,--,--,--,--,--,--,--,--,--,--,--,--,--,--,--,--,--,--,--,--,--,--,--
Maine : electric utility,dollars per million Btu,ELEC.COST_BTU.PC-ME-1.M,--,--,--,--,--,--,--,--,--,--,--,--,--,--,--,--,--,--,--,--,--,--,--,--,--,--,--,--,--,--,--,--,--,--,--,--,--,--,--,--,--,--,--,--,--,--,--,--,--,--,--,--,--,--,--,--,--,--,--,--,--,--,--,--,--,--,--,--,--,--,--,--,--,--,--,--,--,--,--,--,--,--,--,--,--,--,--,--,--,--,--,--,--,--,--,--,--,--,--,--,--,--,--,--,--,--,--
Maine : independent power producers,dollars per million Btu,ELEC.COST_BTU.PC-ME-94.M,--,--,--,--,--,--,--,--,--,--,--,--,--,--,--,--,--,--,--,--,--,--,--,--,--,--,--,--,--,--,--,--,--,--,--,--,--,--,--,--,--,--,--,--,--,--,--,--,--,--,--,--,--,--,--,--,--,--,--,--,--,--,--,--,--,--,--,--,--,--,--,--,--,--,--,--,--,--,--,--,--,--,--,--,--,--,--,--,--,--,--,--,--,--,--,--,--,--,--,--,--,--,--,--,--,--,--
Massachusetts,,ELEC.COST_BTU.PC-MA-99.M,,,,,,,,,,,,,,,,,,,,,,,,,,,,,,,,,,,,,,,,,,,,,,,,,,,,,,,,,,,,,,,,,,,,,,,,,,,,,,,,,,,,,,,,,,,,,,,,,,,,,,,,,,,
Massachusetts : all sectors,,ELEC.COST_BTU.PC-MA-99.M,,,,,,,,,,,,,,,,,,,,,,,,,,,,,,,,,,,,,,,,,,,,,,,,,,,,,,,,,,,,,,,,,,,,,,,,,,,,,,,,,,,,,,,,,,,,,,,,,,,,,,,,,,,
Massachusetts : electric power,dollars per million Btu,ELEC.COST_BTU.PC-MA-98.M,--,--,--,--,--,--,--,--,--,--,--,--,--,--,--,--,--,--,--,--,--,--,--,--,--,--,--,--,--,--,--,--,--,--,--,--,--,--,--,--,--,--,--,--,--,--,--,--,--,--,--,--,--,--,--,--,--,--,--,--,--,--,--,--,--,--,--,--,--,--,--,--,--,--,--,--,--,--,--,--,--,--,--,--,--,--,--,--,--,--,--,--,--,--,--,--,--,--,--,--,--,--,--,--,--,--,--
Massachusetts : electric utility,dollars per million Btu,ELEC.COST_BTU.PC-MA-1.M,--,--,--,--,--,--,--,--,--,--,--,--,--,--,--,--,--,--,--,--,--,--,--,--,--,--,--,--,--,--,--,--,--,--,--,--,--,--,--,--,--,--,--,--,--,--,--,--,--,--,--,--,--,--,--,--,--,--,--,--,--,--,--,--,--,--,--,--,--,--,--,--,--,--,--,--,--,--,--,--,--,--,--,--,--,--,--,--,--,--,--,--,--,--,--,--,--,--,--,--,--,--,--,--,--,--,--
Massachusetts : independent power producers,dollars per million Btu,ELEC.COST_BTU.PC-MA-94.M,--,--,--,--,--,--,--,--,--,--,--,--,--,--,--,--,--,--,--,--,--,--,--,--,--,--,--,--,--,--,--,--,--,--,--,--,--,--,--,--,--,--,--,--,--,--,--,--,--,--,--,--,--,--,--,--,--,--,--,--,--,--,--,--,--,--,--,--,--,--,--,--,--,--,--,--,--,--,--,--,--,--,--,--,--,--,--,--,--,--,--,--,--,--,--,--,--,--,--,--,--,--,--,--,--,--,--
New Hampshire,,ELEC.COST_BTU.PC-NH-99.M,,,,,,,,,,,,,,,,,,,,,,,,,,,,,,,,,,,,,,,,,,,,,,,,,,,,,,,,,,,,,,,,,,,,,,,,,,,,,,,,,,,,,,,,,,,,,,,,,,,,,,,,,,,
New Hampshire : all sectors,,ELEC.COST_BTU.PC-NH-99.M,,,,,,,,,,,,,,,,,,,,,,,,,,,,,,,,,,,,,,,,,,,,,,,,,,,,,,,,,,,,,,,,,,,,,,,,,,,,,,,,,,,,,,,,,,,,,,,,,,,,,,,,,,,
New Hampshire : electric power,dollars per million Btu,ELEC.COST_BTU.PC-NH-98.M,--,--,--,--,--,--,--,--,--,--,--,--,--,--,--,--,--,--,--,--,--,--,--,--,--,--,--,--,--,--,--,--,--,--,--,--,--,--,--,--,--,--,--,--,--,--,--,--,--,--,--,--,--,--,--,--,--,--,--,--,--,--,--,--,--,--,--,--,--,--,--,--,--,--,--,--,--,--,--,--,--,--,--,--,--,--,--,--,--,--,--,--,--,--,--,--,--,--,--,--,--,--,--,--,--,--,--
New Hampshire : electric utility,dollars per million Btu,ELEC.COST_BTU.PC-NH-1.M,--,--,--,--,--,--,--,--,--,--,--,--,--,--,--,--,--,--,--,--,--,--,--,--,--,--,--,--,--,--,--,--,--,--,--,--,--,--,--,--,--,--,--,--,--,--,--,--,--,--,--,--,--,--,--,--,--,--,--,--,--,--,--,--,--,--,--,--,--,--,--,--,--,--,--,--,--,--,--,--,--,--,--,--,--,--,--,--,--,--,--,--,--,--,--,--,--,--,--,--,--,--,--,--,--,--,--
New Hampshire : independent power producers,dollars per million Btu,ELEC.COST_BTU.PC-NH-94.M,--,--,--,--,--,--,--,--,--,--,--,--,--,--,--,--,--,--,--,--,--,--,--,--,--,--,--,--,--,--,--,--,--,--,--,--,--,--,--,--,--,--,--,--,--,--,--,--,--,--,--,--,--,--,--,--,--,--,--,--,--,--,--,--,--,--,--,--,--,--,--,--,--,--,--,--,--,--,--,--,--,--,--,--,--,--,--,--,--,--,--,--,--,--,--,--,--,--,--,--,--,--,--,--,--,--,--
Rhode Island,,ELEC.COST_BTU.PC-RI-99.M,,,,,,,,,,,,,,,,,,,,,,,,,,,,,,,,,,,,,,,,,,,,,,,,,,,,,,,,,,,,,,,,,,,,,,,,,,,,,,,,,,,,,,,,,,,,,,,,,,,,,,,,,,,
Rhode Island : all sectors,,ELEC.COST_BTU.PC-RI-99.M,,,,,,,,,,,,,,,,,,,,,,,,,,,,,,,,,,,,,,,,,,,,,,,,,,,,,,,,,,,,,,,,,,,,,,,,,,,,,,,,,,,,,,,,,,,,,,,,,,,,,,,,,,,
Rhode Island : electric power,dollars per million Btu,ELEC.COST_BTU.PC-RI-98.M,--,--,--,--,--,--,--,--,--,--,--,--,--,--,--,--,--,--,--,--,--,--,--,--,--,--,--,--,--,--,--,--,--,--,--,--,--,--,--,--,--,--,--,--,--,--,--,--,--,--,--,--,--,--,--,--,--,--,--,--,--,--,--,--,--,--,--,--,--,--,--,--,--,--,--,--,--,--,--,--,--,--,--,--,--,--,--,--,--,--,--,--,--,--,--,--,--,--,--,--,--,--,--,--,--,--,--
Rhode Island : electric utility,dollars per million Btu,ELEC.COST_BTU.PC-RI-1.M,--,--,--,--,--,--,--,--,--,--,--,--,--,--,--,--,--,--,--,--,--,--,--,--,--,--,--,--,--,--,--,--,--,--,--,--,--,--,--,--,--,--,--,--,--,--,--,--,--,--,--,--,--,--,--,--,--,--,--,--,--,--,--,--,--,--,--,--,--,--,--,--,--,--,--,--,--,--,--,--,--,--,--,--,--,--,--,--,--,--,--,--,--,--,--,--,--,--,--,--,--,--,--,--,--,--,--
Rhode Island : independent power producers,dollars per million Btu,ELEC.COST_BTU.PC-RI-94.M,--,--,--,--,--,--,--,--,--,--,--,--,--,--,--,--,--,--,--,--,--,--,--,--,--,--,--,--,--,--,--,--,--,--,--,--,--,--,--,--,--,--,--,--,--,--,--,--,--,--,--,--,--,--,--,--,--,--,--,--,--,--,--,--,--,--,--,--,--,--,--,--,--,--,--,--,--,--,--,--,--,--,--,--,--,--,--,--,--,--,--,--,--,--,--,--,--,--,--,--,--,--,--,--,--,--,--
Vermont,,ELEC.COST_BTU.PC-VT-99.M,,,,,,,,,,,,,,,,,,,,,,,,,,,,,,,,,,,,,,,,,,,,,,,,,,,,,,,,,,,,,,,,,,,,,,,,,,,,,,,,,,,,,,,,,,,,,,,,,,,,,,,,,,,
Vermont : all sectors,,ELEC.COST_BTU.PC-VT-99.M,,,,,,,,,,,,,,,,,,,,,,,,,,,,,,,,,,,,,,,,,,,,,,,,,,,,,,,,,,,,,,,,,,,,,,,,,,,,,,,,,,,,,,,,,,,,,,,,,,,,,,,,,,,
Vermont : electric power,dollars per million Btu,ELEC.COST_BTU.PC-VT-98.M,--,--,--,--,--,--,--,--,--,--,--,--,--,--,--,--,--,--,--,--,--,--,--,--,--,--,--,--,--,--,--,--,--,--,--,--,--,--,--,--,--,--,--,--,--,--,--,--,--,--,--,--,--,--,--,--,--,--,--,--,--,--,--,--,--,--,--,--,--,--,--,--,--,--,--,--,--,--,--,--,--,--,--,--,--,--,--,--,--,--,--,--,--,--,--,--,--,--,--,--,--,--,--,--,--,--,--
Vermont : electric utility,dollars per million Btu,ELEC.COST_BTU.PC-VT-1.M,--,--,--,--,--,--,--,--,--,--,--,--,--,--,--,--,--,--,--,--,--,--,--,--,--,--,--,--,--,--,--,--,--,--,--,--,--,--,--,--,--,--,--,--,--,--,--,--,--,--,--,--,--,--,--,--,--,--,--,--,--,--,--,--,--,--,--,--,--,--,--,--,--,--,--,--,--,--,--,--,--,--,--,--,--,--,--,--,--,--,--,--,--,--,--,--,--,--,--,--,--,--,--,--,--,--,--
Vermont : independent power producers,dollars per million Btu,ELEC.COST_BTU.PC-VT-94.M,--,--,--,--,--,--,--,--,--,--,--,--,--,--,--,--,--,--,--,--,--,--,--,--,--,--,--,--,--,--,--,--,--,--,--,--,--,--,--,--,--,--,--,--,--,--,--,--,--,--,--,--,--,--,--,--,--,--,--,--,--,--,--,--,--,--,--,--,--,--,--,--,--,--,--,--,--,--,--,--,--,--,--,--,--,--,--,--,--,--,--,--,--,--,--,--,--,--,--,--,--,--,--,--,--,--,--
Middle Atlantic,,ELEC.COST_BTU.PC-MAT-99.M,,,,,,,,,,,,,,,,,,,,,,,,,,,,,,,,,,,,,,,,,,,,,,,,,,,,,,,,,,,,,,,,,,,,,,,,,,,,,,,,,,,,,,,,,,,,,,,,,,,,,,,,,,,
Middle Atlantic : all sectors,,ELEC.COST_BTU.PC-MAT-99.M,,,,,,,,,,,,,,,,,,,,,,,,,,,,,,,,,,,,,,,,,,,,,,,,,,,,,,,,,,,,,,,,,,,,,,,,,,,,,,,,,,,,,,,,,,,,,,,,,,,,,,,,,,,
Middle Atlantic : electric power,dollars per million Btu,ELEC.COST_BTU.PC-MAT-98.M,W,W,W,W,W,W,W,W,W,W,W,W,W,W,W,W,W,W,W,W,W,W,W,W,W,W,--,W,W,W,W,W,W,W,W,W,W,W,W,W,W,W,W,W,W,W,W,W,0,0,0,0,0,0,0,0,0,0,0,0,0,0,0,0,0,0,0,0,0,0,0,0,0,0,0,0,0,0,0,0,0,0,0,0,0,0,0,0,0,0,0,0,0,0,0,0,0,0,0,0,0,0,0,0,0,0,0
Middle Atlantic : electric utility,dollars per million Btu,ELEC.COST_BTU.PC-MAT-1.M,--,--,--,--,--,--,--,--,--,--,--,--,--,--,--,--,--,--,--,--,--,--,--,--,--,--,--,--,--,--,--,--,--,--,--,--,--,--,--,--,--,--,--,--,--,--,--,--,--,--,--,--,--,--,--,--,--,--,--,--,0,0,0,0,--,--,--,--,--,--,--,--,--,--,--,--,0,0,0,0,0,0,0,0,0,0,0,0,0,0,0,0,0,0,0,--,--,--,--,--,--,--,--,--,--,--,--
Middle Atlantic : independent power producers,dollars per million Btu,ELEC.COST_BTU.PC-MAT-94.M,W,W,W,W,W,W,W,W,W,W,W,W,W,W,W,W,W,W,W,W,W,W,W,W,W,W,--,W,W,W,W,W,W,W,W,W,W,W,W,W,W,W,W,W,W,W,W,W,0,0,0,0,0,0,0,0,0,0,0,0,0,0,0,0,0,0,0,0,0,0,0,0,0,0,0,0,0,0,0,0,0,0,0,0,0,0,0,0,0,0,0,0,0,0,0,0,0,0,0,0,0,0,0,0,0,0,0
New Jersey,,ELEC.COST_BTU.PC-NJ-99.M,,,,,,,,,,,,,,,,,,,,,,,,,,,,,,,,,,,,,,,,,,,,,,,,,,,,,,,,,,,,,,,,,,,,,,,,,,,,,,,,,,,,,,,,,,,,,,,,,,,,,,,,,,,
New Jersey : all sectors,,ELEC.COST_BTU.PC-NJ-99.M,,,,,,,,,,,,,,,,,,,,,,,,,,,,,,,,,,,,,,,,,,,,,,,,,,,,,,,,,,,,,,,,,,,,,,,,,,,,,,,,,,,,,,,,,,,,,,,,,,,,,,,,,,,
New Jersey : electric power,dollars per million Btu,ELEC.COST_BTU.PC-NJ-98.M,--,--,--,--,--,--,--,--,--,--,--,--,--,--,--,--,--,--,--,--,--,--,--,--,--,--,--,--,--,--,--,--,--,--,--,--,--,--,--,--,--,--,--,--,--,--,--,--,--,--,--,--,--,--,--,--,--,--,--,--,--,--,--,--,--,--,--,--,--,--,--,--,--,--,--,--,--,--,--,--,--,--,--,--,--,--,--,--,--,--,--,--,--,--,--,--,--,--,--,--,--,--,--,--,--,--,--
New Jersey : electric utility,dollars per million Btu,ELEC.COST_BTU.PC-NJ-1.M,--,--,--,--,--,--,--,--,--,--,--,--,--,--,--,--,--,--,--,--,--,--,--,--,--,--,--,--,--,--,--,--,--,--,--,--,--,--,--,--,--,--,--,--,--,--,--,--,--,--,--,--,--,--,--,--,--,--,--,--,--,--,--,--,--,--,--,--,--,--,--,--,--,--,--,--,--,--,--,--,--,--,--,--,--,--,--,--,--,--,--,--,--,--,--,--,--,--,--,--,--,--,--,--,--,--,--
New Jersey : independent power producers,dollars per million Btu,ELEC.COST_BTU.PC-NJ-94.M,--,--,--,--,--,--,--,--,--,--,--,--,--,--,--,--,--,--,--,--,--,--,--,--,--,--,--,--,--,--,--,--,--,--,--,--,--,--,--,--,--,--,--,--,--,--,--,--,--,--,--,--,--,--,--,--,--,--,--,--,--,--,--,--,--,--,--,--,--,--,--,--,--,--,--,--,--,--,--,--,--,--,--,--,--,--,--,--,--,--,--,--,--,--,--,--,--,--,--,--,--,--,--,--,--,--,--
New York,,ELEC.COST_BTU.PC-NY-99.M,,,,,,,,,,,,,,,,,,,,,,,,,,,,,,,,,,,,,,,,,,,,,,,,,,,,,,,,,,,,,,,,,,,,,,,,,,,,,,,,,,,,,,,,,,,,,,,,,,,,,,,,,,,
New York : all sectors,,ELEC.COST_BTU.PC-NY-99.M,,,,,,,,,,,,,,,,,,,,,,,,,,,,,,,,,,,,,,,,,,,,,,,,,,,,,,,,,,,,,,,,,,,,,,,,,,,,,,,,,,,,,,,,,,,,,,,,,,,,,,,,,,,
New York : electric power,dollars per million Btu,ELEC.COST_BTU.PC-NY-98.M,0,0,W,0,W,W,0,W,W,0,W,W,W,W,W,W,W,W,W,W,W,W,W,W,W,W,0,W,W,W,W,W,W,W,W,W,W,W,W,W,W,W,W,W,W,W,W,W,0,0,0,0,0,0,0,0,0,0,0,0,0,0,0,0,0,0,0,0,0,0,0,0,0,0,0,0,0,0,0,0,0,0,0,0,0,0,0,0,0,0,0,0,0,0,0,0,0,0,0,0,0,0,0,0,0,0,0
New York : electric utility,dollars per million Btu,ELEC.COST_BTU.PC-NY-1.M,--,--,--,--,--,--,--,--,--,--,--,--,--,--,--,--,--,--,--,--,--,--,--,--,--,--,--,--,--,--,--,--,--,--,--,--,--,--,--,--,--,--,--,--,--,--,--,--,--,--,--,--,--,--,--,--,--,--,--,--,0,0,0,0,--,--,--,--,--,--,--,--,--,--,--,--,0,0,0,0,0,0,0,0,0,0,0,0,0,0,0,0,0,0,0,--,--,--,--,--,--,--,--,--,--,--,--
New York : independent power producers,dollars per million Btu,ELEC.COST_BTU.PC-NY-94.M,0,0,W,0,W,W,0,W,W,0,W,W,W,W,W,W,W,W,W,W,W,W,W,W,W,W,0,W,W,W,W,W,W,W,W,W,W,W,W,W,W,W,W,W,W,W,W,W,0,0,0,0,0,0,0,0,0,0,0,0,0,0,0,0,0,0,0,0,0,0,0,0,0,0,0,0,0,0,0,0,0,0,0,0,0,0,0,0,0,0,0,0,0,0,0,0,0,0,0,0,0,0,0,0,0,0,0
Pennsylvania,,ELEC.COST_BTU.PC-PA-99.M,,,,,,,,,,,,,,,,,,,,,,,,,,,,,,,,,,,,,,,,,,,,,,,,,,,,,,,,,,,,,,,,,,,,,,,,,,,,,,,,,,,,,,,,,,,,,,,,,,,,,,,,,,,
Pennsylvania : all sectors,,ELEC.COST_BTU.PC-PA-99.M,,,,,,,,,,,,,,,,,,,,,,,,,,,,,,,,,,,,,,,,,,,,,,,,,,,,,,,,,,,,,,,,,,,,,,,,,,,,,,,,,,,,,,,,,,,,,,,,,,,,,,,,,,,
Pennsylvania : electric power,dollars per million Btu,ELEC.COST_BTU.PC-PA-98.M,W,W,W,W,W,W,W,W,W,W,W,W,W,W,W,W,W,W,W,W,W,W,W,W,W,W,0,W,0,0,0,W,W,W,0,0,0,0,0,0,0,0,0,0,0,0,0,0,0,0,0,0,0,0,0,0,0,0,0,0,0,0,0,0,0,0,0,0,0,0,0,0,0,0,0,0,0,0,0,0,0,0,0,0,0,0,0,0,0,0,0,0,0,0,0,0,0,0,0,0,0,0,0,0,0,0,0
Pennsylvania : electric utility,dollars per million Btu,ELEC.COST_BTU.PC-PA-1.M,--,--,--,--,--,--,--,--,--,--,--,--,--,--,--,--,--,--,--,--,--,--,--,--,--,--,--,--,--,--,--,--,--,--,--,--,--,--,--,--,--,--,--,--,--,--,--,--,--,--,--,--,--,--,--,--,--,--,--,--,--,--,--,--,--,--,--,--,--,--,--,--,--,--,--,--,--,--,--,--,--,--,--,--,--,--,--,--,--,--,--,--,--,--,--,--,--,--,--,--,--,--,--,--,--,--,--
Pennsylvania : independent power producers,dollars per million Btu,ELEC.COST_BTU.PC-PA-94.M,W,W,W,W,W,W,W,W,W,W,W,W,W,W,W,W,W,W,W,W,W,W,W,W,W,W,0,W,0,0,0,W,W,W,0,0,0,0,0,0,0,0,0,0,0,0,0,0,0,0,0,0,0,0,0,0,0,0,0,0,0,0,0,0,0,0,0,0,0,0,0,0,0,0,0,0,0,0,0,0,0,0,0,0,0,0,0,0,0,0,0,0,0,0,0,0,0,0,0,0,0,0,0,0,0,0,0
East North Central,,ELEC.COST_BTU.PC-ENC-99.M,,,,,,,,,,,,,,,,,,,,,,,,,,,,,,,,,,,,,,,,,,,,,,,,,,,,,,,,,,,,,,,,,,,,,,,,,,,,,,,,,,,,,,,,,,,,,,,,,,,,,,,,,,,
East North Central : all sectors,,ELEC.COST_BTU.PC-ENC-99.M,,,,,,,,,,,,,,,,,,,,,,,,,,,,,,,,,,,,,,,,,,,,,,,,,,,,,,,,,,,,,,,,,,,,,,,,,,,,,,,,,,,,,,,,,,,,,,,,,,,,,,,,,,,
East North Central : electric power,dollars per million Btu,ELEC.COST_BTU.PC-ENC-98.M,W,1.47,W,W,W,W,W,W,W,W,W,W,1.44,W,W,W,W,W,W,W,W,W,W,1.53,NM,1.55,1.57,W,W,W,W,W,W,W,W,W,W,W,W,W,W,W,W,W,W,W,W,W,W,4.07,1.66,0,W,W,W,W,W,W,W,W,0,1.5,0,W,W,W,W,W,W,W,1.44,W,W,1.37,W,W,W,W,W,W,W,W,W,W,W,W,W,W,W,W,W,W,W,W,W,W,W,W,W,W,W,W,W,W,W,W,W
East North Central : electric utility,dollars per million Btu,ELEC.COST_BTU.PC-ENC-1.M,1.46,1.47,1.45,1.44,1.45,1.46,1.49,1.48,1.46,1.46,1.45,1.66,1.44,1.45,1.44,1.53,1.39,1.38,1.42,1.49,1.42,1.48,1.47,1.53,1.58,1.55,1.57,1.57,1.55,1.52,1.54,1.55,1.46,1.47,1.67,1.68,5.82,3.09,3.2,4.66,3.32,3.42,4.88,3.48,3.3,10.03,0,5.42,3.45,4.07,1.66,0,7.53,3.46,6.89,4.07,3.76,0,1.79,0,0,1.5,0,0,0,0,1.7,1.75,1.38,1.48,1.44,1.45,1.24,1.37,1.22,1.22,1.29,1.17,1.18,1.1,1.17,1.38,1.27,1.21,1.1,1.07,1.61,1.65,2.1,1.28,1.23,1.21,1.21,1.47,1.14,1.05,0.97,1.07,1.19,1.15,1.33,1.35,1.39,1.35,1.36,1.41,1.45
East North Central : independent power producers,dollars per million Btu,ELEC.COST_BTU.PC-ENC-94.M,W,--,W,W,W,W,W,W,W,W,W,W,--,W,W,W,W,W,W,W,W,W,W,--,NM,--,--,W,W,W,W,W,W,W,W,W,W,W,W,W,W,W,W,W,W,W,W,W,W,0,0,0,W,W,W,W,W,W,W,W,0,0,0,W,W,W,W,W,W,W,0,W,W,0,W,W,W,W,W,W,W,W,W,W,W,W,W,W,W,W,W,W,W,W,W,W,W,W,W,W,W,W,W,W,W,W,W
Illinois,,ELEC.COST_BTU.PC-IL-99.M,,,,,,,,,,,,,,,,,,,,,,,,,,,,,,,,,,,,,,,,,,,,,,,,,,,,,,,,,,,,,,,,,,,,,,,,,,,,,,,,,,,,,,,,,,,,,,,,,,,,,,,,,,,
Illinois : all sectors,,ELEC.COST_BTU.PC-IL-99.M,,,,,,,,,,,,,,,,,,,,,,,,,,,,,,,,,,,,,,,,,,,,,,,,,,,,,,,,,,,,,,,,,,,,,,,,,,,,,,,,,,,,,,,,,,,,,,,,,,,,,,,,,,,
Illinois : electric power,dollars per million Btu,ELEC.COST_BTU.PC-IL-98.M,0,0,0,0,0,0,0,0,0,0,0,0,--,--,--,--,--,--,--,--,--,--,--,--,--,--,--,--,--,--,--,--,--,--,--,--,--,--,--,--,--,--,--,--,--,--,--,--,--,--,--,--,--,--,--,--,--,--,--,--,--,--,--,--,--,--,--,--,--,--,--,--,--,--,--,--,0,0,0,0,0,0,0,0,0,0,0,0,0,0,0,0,0,0,0,0,0,0,0,0,0,0,0,0,0,0,0
Illinois : electric utility,dollars per million Btu,ELEC.COST_BTU.PC-IL-1.M,0,0,0,0,0,0,0,0,0,0,0,0,--,--,--,--,--,--,--,--,--,--,--,--,--,--,--,--,--,--,--,--,--,--,--,--,--,--,--,--,--,--,--,--,--,--,--,--,--,--,--,--,--,--,--,--,--,--,--,--,--,--,--,--,--,--,--,--,--,--,--,--,--,--,--,--,0,0,0,0,0,0,0,0,0,0,0,0,0,0,0,0,0,0,0,0,0,0,0,0,0,0,0,0,0,0,0
Illinois : independent power producers,dollars per million Btu,ELEC.COST_BTU.PC-IL-94.M,0,0,0,0,0,0,0,0,0,0,0,0,--,--,--,--,--,--,--,--,--,--,--,--,--,--,--,--,--,--,--,--,--,--,--,--,--,--,--,--,--,--,--,--,--,--,--,--,--,--,--,--,--,--,--,--,--,--,--,--,--,--,--,--,--,--,--,--,--,--,--,--,--,--,--,--,--,--,--,--,--,--,--,--,--,--,--,--,--,--,--,--,--,--,--,--,--,--,--,--,--,--,--,--,--,--,--
Indiana,,ELEC.COST_BTU.PC-IN-99.M,,,,,,,,,,,,,,,,,,,,,,,,,,,,,,,,,,,,,,,,,,,,,,,,,,,,,,,,,,,,,,,,,,,,,,,,,,,,,,,,,,,,,,,,,,,,,,,,,,,,,,,,,,,
Indiana : all sectors,,ELEC.COST_BTU.PC-IN-99.M,,,,,,,,,,,,,,,,,,,,,,,,,,,,,,,,,,,,,,,,,,,,,,,,,,,,,,,,,,,,,,,,,,,,,,,,,,,,,,,,,,,,,,,,,,,,,,,,,,,,,,,,,,,
Indiana : electric power,dollars per million Btu,ELEC.COST_BTU.PC-IN-98.M,0,0,0,0,0,0,0,0,0,0,0,0,0,0,W,1.64,0,W,0,0,0,0,0,0,0,0,0,0,0,0,0,0,0,0,0,0,12.6,3.58,3.45,5.43,3.64,4.33,6.91,4.13,4.07,15.3,0,5.42,3.7,4.07,0,0,11.36,3.46,11.11,4.07,4.24,0,0,0,0,0,0,0,0,0,0,0,0,0,0,0,1.07,1.07,1.05,0.97,0.97,0.94,0.89,0.86,0.85,0.85,0.85,0.87,0.9,0.93,0,0,0.96,0.95,0.96,0.96,0.96,0.95,0.95,0.96,0.96,0.96,0.97,0.96,0,0,0,0,0,0,0
Indiana : electric utility,dollars per million Btu,ELEC.COST_BTU.PC-IN-1.M,0,0,0,0,0,0,0,0,0,0,0,0,--,--,--,1.64,0,0,0,--,--,--,--,--,--,--,--,--,--,--,--,--,--,--,--,--,12.6,3.58,3.45,5.43,3.64,4.33,6.91,4.13,4.07,15.3,--,5.42,3.7,4.07,0,0,11.36,3.46,11.11,4.07,4.24,0,0,0,0,0,0,0,0,0,0,0,0,0,0,0,1.07,1.07,1.05,0.97,0.97,0.94,0.89,0.86,0.85,0.85,0.85,0.87,0.9,0.93,0,0,0.96,0.95,0.96,0.96,0.96,0.95,0.95,0.96,0.96,0.96,0.97,0.96,0,0,0,0,0,0,0
Indiana : independent power producers,dollars per million Btu,ELEC.COST_BTU.PC-IN-94.M,--,--,--,--,--,--,--,--,--,--,--,--,0,0,W,0,0,W,0,0,0,0,0,0,0,0,0,0,0,0,0,0,0,0,0,0,0,0,0,0,0,0,0,0,0,0,0,0,0,0,0,0,0,0,0,0,0,0,0,0,0,0,0,0,0,0,0,0,0,0,0,0,0,0,0,0,0,--,--,--,--,--,--,--,--,--,--,--,--,--,--,--,--,--,--,--,--,--,--,--,--,--,--,--,--,--,--
Michigan,,ELEC.COST_BTU.PC-MI-99.M,,,,,,,,,,,,,,,,,,,,,,,,,,,,,,,,,,,,,,,,,,,,,,,,,,,,,,,,,,,,,,,,,,,,,,,,,,,,,,,,,,,,,,,,,,,,,,,,,,,,,,,,,,,
Michigan : all sectors,,ELEC.COST_BTU.PC-MI-99.M,,,,,,,,,,,,,,,,,,,,,,,,,,,,,,,,,,,,,,,,,,,,,,,,,,,,,,,,,,,,,,,,,,,,,,,,,,,,,,,,,,,,,,,,,,,,,,,,,,,,,,,,,,,
Michigan : electric power,dollars per million Btu,ELEC.COST_BTU.PC-MI-98.M,0,0,0,W,W,W,W,W,W,W,W,W,1.88,1.82,W,W,W,W,W,W,W,W,W,1.91,NM,1.65,1.69,W,W,W,W,W,W,W,W,W,W,0,0,W,W,W,W,W,W,W,W,W,W,0,0,0,W,W,W,W,W,W,W,W,0,1.5,0,W,W,W,W,W,W,W,1.44,W,W,1.43,1.43,W,W,W,W,W,1.5,W,1.41,W,W,1.44,1.63,W,2.61,1.75,1.63,1.63,1.62,1.66,1.66,1.59,0,1.27,1.3,1.3,1.3,1.3,1.32,1.28,1.29,1.31,1.32
Michigan : electric utility,dollars per million Btu,ELEC.COST_BTU.PC-MI-1.M,0,0,0,0,0,0,0,0,0,0,0,2,1.88,1.82,1.9,1.88,2.04,2.01,2.14,1.82,1.83,1.8,1.81,1.91,1.66,1.65,1.69,1.64,1.71,1.67,1.75,1.68,1.7,1.62,1.59,2.02,0,0,0,0,0,0,0,0,0,0,0,0,0,0,0,0,0,0,0,0,0,0,0,0,0,1.5,0,0,0,0,0,0,1.38,1.39,1.44,1.45,1.45,1.43,1.43,1.45,1.46,1.43,1.45,1.45,1.5,1.42,1.41,1.47,1.45,1.44,1.63,1.65,2.61,1.75,1.63,1.63,1.62,1.66,1.66,1.59,0,1.27,1.3,1.3,1.3,1.3,1.32,1.28,1.29,1.31,1.32
Michigan : independent power producers,dollars per million Btu,ELEC.COST_BTU.PC-MI-94.M,0,0,0,W,W,W,W,W,W,W,W,W,0,0,W,W,W,W,W,W,W,W,W,0,NM,0,0,W,W,W,W,W,W,W,W,W,W,0,0,W,W,W,W,W,W,W,W,W,W,0,0,0,W,W,W,W,W,W,W,W,0,0,0,W,W,W,W,W,W,W,0,W,W,0,0,W,W,W,W,W,0,W,0,W,W,0,0,W,0,0,0,0,0,0,0,0,0,0,0,0,0,0,0,0,0,0,0
Ohio,,ELEC.COST_BTU.PC-OH-99.M,,,,,,,,,,,,,,,,,,,,,,,,,,,,,,,,,,,,,,,,,,,,,,,,,,,,,,,,,,,,,,,,,,,,,,,,,,,,,,,,,,,,,,,,,,,,,,,,,,,,,,,,,,,
Ohio : all sectors,,ELEC.COST_BTU.PC-OH-99.M,,,,,,,,,,,,,,,,,,,,,,,,,,,,,,,,,,,,,,,,,,,,,,,,,,,,,,,,,,,,,,,,,,,,,,,,,,,,,,,,,,,,,,,,,,,,,,,,,,,,,,,,,,,
Ohio : electric power,dollars per million Btu,ELEC.COST_BTU.PC-OH-98.M,W,0,W,W,0,W,W,0,W,W,W,W,0,W,W,0,W,0,0,0,0,0,0,0,0,0,0,0,0,0,0,0,0,0,0,0,W,W,W,W,W,W,W,W,W,W,W,W,0,0,0,0,0,0,0,0,0,0,0,0,0,0,0,0,0,0,0,0,0,0,0,0,0,0,W,W,W,W,W,W,W,W,W,W,W,W,W,W,W,W,W,W,W,W,W,W,W,W,W,W,W,W,W,W,W,W,W
Ohio : electric utility,dollars per million Btu,ELEC.COST_BTU.PC-OH-1.M,--,--,--,--,--,--,--,--,--,--,--,--,--,--,--,--,--,--,--,--,--,--,--,--,--,--,--,--,--,--,--,--,--,--,--,--,--,--,--,--,--,--,--,--,--,--,--,--,--,--,--,--,--,--,--,--,--,--,--,--,--,--,--,--,--,--,--,--,--,--,--,--,--,--,--,--,--,--,--,--,--,--,--,--,--,--,--,--,--,--,--,--,--,--,--,--,--,--,--,--,--,--,--,--,--,--,--
Ohio : independent power producers,dollars per million Btu,ELEC.COST_BTU.PC-OH-94.M,W,0,W,W,0,W,W,0,W,W,W,W,0,W,W,0,W,0,0,0,0,0,0,0,0,0,0,0,0,0,0,0,0,0,0,0,W,W,W,W,W,W,W,W,W,W,W,W,0,0,0,0,0,0,0,0,0,0,0,0,0,0,0,0,0,0,0,0,0,0,0,0,0,0,W,W,W,W,W,W,W,W,W,W,W,W,W,W,W,W,W,W,W,W,W,W,W,W,W,W,W,W,W,W,W,W,W
Wisconsin,,ELEC.COST_BTU.PC-WI-99.M,,,,,,,,,,,,,,,,,,,,,,,,,,,,,,,,,,,,,,,,,,,,,,,,,,,,,,,,,,,,,,,,,,,,,,,,,,,,,,,,,,,,,,,,,,,,,,,,,,,,,,,,,,,
Wisconsin : all sectors,,ELEC.COST_BTU.PC-WI-99.M,,,,,,,,,,,,,,,,,,,,,,,,,,,,,,,,,,,,,,,,,,,,,,,,,,,,,,,,,,,,,,,,,,,,,,,,,,,,,,,,,,,,,,,,,,,,,,,,,,,,,,,,,,,
Wisconsin : electric power,dollars per million Btu,ELEC.COST_BTU.PC-WI-98.M,1.46,1.47,1.45,1.44,1.45,1.46,1.49,1.48,1.46,1.46,1.45,1.46,1.41,1.43,W,1.39,1.37,1.35,1.39,1.48,1.39,1.47,1.45,1.51,1.57,1.54,1.56,1.56,1.55,1.51,1.54,1.54,1.45,1.46,1.67,1.64,1.61,1.64,1.6,1.67,1.6,1.63,1.61,1.63,1.68,1.69,0,0,1.68,0,1.66,0,1.69,0,1.71,0,1.64,0,1.79,0,0,0,0,0,0,0,1.7,1.75,0,1.81,0,0,1.88,1.88,1.85,1.84,1.89,1.87,1.92,1.84,1.8,0,1.77,0,0,1.61,1.48,1.65,1.6,1.68,1.78,1.71,1.71,1.71,1.73,1.73,1.75,1.7,1.71,1.68,1.7,1.72,1.68,1.72,1.72,1.75,1.73
Wisconsin : electric utility,dollars per million Btu,ELEC.COST_BTU.PC-WI-1.M,1.46,1.47,1.45,1.44,1.45,1.46,1.49,1.48,1.46,1.46,1.45,1.46,1.41,1.43,1.4,1.39,1.37,1.35,1.39,1.48,1.39,1.47,1.45,1.51,1.57,1.54,1.56,1.56,1.55,1.51,1.54,1.54,1.45,1.46,1.67,1.64,1.61,1.64,1.6,1.67,1.6,1.63,1.61,1.63,1.68,1.69,0,0,1.68,0,1.66,0,1.69,0,1.71,0,1.64,0,1.79,0,0,0,0,0,0,0,1.7,1.75,0,1.81,0,0,1.88,1.88,1.85,1.84,1.89,1.87,1.92,1.84,1.8,0,1.77,0,0,1.61,1.48,1.65,1.6,1.68,1.78,1.71,1.71,1.71,1.73,1.73,1.75,1.7,1.71,1.68,1.7,1.72,1.68,1.72,1.72,1.75,1.73
Wisconsin : independent power producers,dollars per million Btu,ELEC.COST_BTU.PC-WI-94.M,--,--,--,--,--,--,--,--,--,--,--,--,--,--,--,--,--,--,--,--,--,--,--,--,--,--,--,--,--,--,--,--,--,--,--,--,--,--,--,--,--,--,--,--,--,--,--,--,--,--,--,--,--,--,--,--,--,--,--,--,--,--,--,--,--,--,--,--,--,--,--,--,--,--,--,--,--,--,--,--,--,--,--,--,--,--,--,--,--,--,--,--,--,--,--,--,--,--,--,--,--,--,--,--,--,--,--
West North Central,,ELEC.COST_BTU.PC-WNC-99.M,,,,,,,,,,,,,,,,,,,,,,,,,,,,,,,,,,,,,,,,,,,,,,,,,,,,,,,,,,,,,,,,,,,,,,,,,,,,,,,,,,,,,,,,,,,,,,,,,,,,,,,,,,,
West North Central : all sectors,,ELEC.COST_BTU.PC-WNC-99.M,,,,,,,,,,,,,,,,,,,,,,,,,,,,,,,,,,,,,,,,,,,,,,,,,,,,,,,,,,,,,,,,,,,,,,,,,,,,,,,,,,,,,,,,,,,,,,,,,,,,,,,,,,,
West North Central : electric power,dollars per million Btu,ELEC.COST_BTU.PC-WNC-98.M,1.4,1.5,1.53,1.77,1.63,1.5,1.73,1.5,1.55,1.51,1.57,1.59,1.52,1.52,W,1.52,1.5,1.48,1.47,1.49,1.5,1.7,1.85,1.8,1.53,1.62,1.6,1.52,1.55,1.61,1.44,1.38,1.27,1.45,1.34,1.48,1.77,1.75,1.79,0.51,1.69,1.69,1.69,1.69,1.69,0,0,0,0,0,0,0,0,0,0,0,0,0,0,0,0,0,0,0,0,0,0,0,0,0,0,0,0,0,0,0,0,0,0,0,0,0,0,0,0,0,0,0,0,0,0,0,0,0,0,0,--,--,0,0,0,0,--,--,--,--,--
West North Central : electric utility,dollars per million Btu,ELEC.COST_BTU.PC-WNC-1.M,1.4,1.5,1.53,1.77,1.63,1.5,1.73,1.5,1.55,1.51,1.57,1.59,1.52,1.52,1.48,1.52,1.5,1.48,1.47,1.49,1.5,1.7,1.85,1.8,1.53,1.62,1.6,1.52,1.55,1.61,1.44,1.38,1.27,1.45,1.34,1.48,1.77,1.75,1.79,0.51,1.69,1.69,1.69,1.69,1.69,0,0,0,0,0,0,0,0,0,0,0,0,0,0,0,0,0,0,0,0,0,0,0,0,0,0,0,0,0,0,0,0,0,0,0,0,0,0,0,0,0,0,0,0,0,0,0,0,0,0,0,--,--,0,0,0,0,--,--,--,--,--
West North Central : independent power producers,dollars per million Btu,ELEC.COST_BTU.PC-WNC-94.M,--,--,--,--,--,--,--,--,--,--,--,--,--,--,--,--,--,--,--,--,--,--,--,--,--,--,--,--,--,--,--,--,--,--,--,--,--,--,--,--,--,--,--,--,--,--,--,--,--,--,--,--,--,--,--,--,--,--,--,--,--,--,--,--,--,--,--,--,--,--,--,--,--,--,--,--,--,--,--,--,--,--,--,--,--,--,--,--,--,--,--,--,--,--,--,--,--,--,--,--,--,--,--,--,--,--,--
Iowa,,ELEC.COST_BTU.PC-IA-99.M,,,,,,,,,,,,,,,,,,,,,,,,,,,,,,,,,,,,,,,,,,,,,,,,,,,,,,,,,,,,,,,,,,,,,,,,,,,,,,,,,,,,,,,,,,,,,,,,,,,,,,,,,,,
Iowa : all sectors,,ELEC.COST_BTU.PC-IA-99.M,,,,,,,,,,,,,,,,,,,,,,,,,,,,,,,,,,,,,,,,,,,,,,,,,,,,,,,,,,,,,,,,,,,,,,,,,,,,,,,,,,,,,,,,,,,,,,,,,,,,,,,,,,,
Iowa : electric power,dollars per million Btu,ELEC.COST_BTU.PC-IA-98.M,1.94,1.97,2.02,2.09,1.99,2.2,2.2,2.2,1.99,2.2,2.2,2.2,2.2,0,W,0,0,0,0,0,0,0,0,0,1.95,1.95,1.95,1.95,1.95,1.95,1.69,1.69,1.69,1.69,1.69,1.69,0,0,0,0.51,1.69,1.69,1.69,1.69,1.69,0,0,0,0,0,0,0,0,0,0,0,0,0,0,0,0,0,0,0,0,0,0,0,0,0,0,0,0,0,0,0,0,0,0,0,0,0,0,0,0,0,0,0,0,0,0,0,0,0,0,0,--,--,0,0,0,0,--,--,--,--,--
Iowa : electric utility,dollars per million Btu,ELEC.COST_BTU.PC-IA-1.M,1.94,1.97,2.02,2.09,1.99,2.2,2.2,2.2,1.99,2.2,2.2,2.2,2.2,0,0,0,0,0,0,0,0,0,0,0,1.95,1.95,1.95,1.95,1.95,1.95,1.69,1.69,1.69,1.69,1.69,1.69,0,0,0,0.51,1.69,1.69,1.69,1.69,1.69,0,0,0,0,0,0,0,0,0,0,0,0,0,0,0,0,0,0,0,0,0,0,0,0,0,0,0,0,0,0,0,0,0,0,0,0,0,0,0,0,0,0,0,0,0,0,0,0,0,0,0,--,--,0,0,0,0,--,--,--,--,--
Iowa : independent power producers,dollars per million Btu,ELEC.COST_BTU.PC-IA-94.M,--,--,--,--,--,--,--,--,--,--,--,--,--,--,--,--,--,--,--,--,--,--,--,--,--,--,--,--,--,--,--,--,--,--,--,--,--,--,--,--,--,--,--,--,--,--,--,--,--,--,--,--,--,--,--,--,--,--,--,--,--,--,--,--,--,--,--,--,--,--,--,--,--,--,--,--,--,--,--,--,--,--,--,--,--,--,--,--,--,--,--,--,--,--,--,--,--,--,--,--,--,--,--,--,--,--,--
Kansas,,ELEC.COST_BTU.PC-KS-99.M,,,,,,,,,,,,,,,,,,,,,,,,,,,,,,,,,,,,,,,,,,,,,,,,,,,,,,,,,,,,,,,,,,,,,,,,,,,,,,,,,,,,,,,,,,,,,,,,,,,,,,,,,,,
Kansas : all sectors,,ELEC.COST_BTU.PC-KS-99.M,,,,,,,,,,,,,,,,,,,,,,,,,,,,,,,,,,,,,,,,,,,,,,,,,,,,,,,,,,,,,,,,,,,,,,,,,,,,,,,,,,,,,,,,,,,,,,,,,,,,,,,,,,,
Kansas : electric power,dollars per million Btu,ELEC.COST_BTU.PC-KS-98.M,1.48,1.63,1.59,1.62,1.61,1.65,1.63,1.62,1.56,1.52,1.46,1.47,1.51,1.52,W,1.51,1.49,1.47,1.47,1.49,1.49,1.77,1.96,1.91,1.17,1.22,1.22,1.23,1.23,1.23,1.28,1.22,1.26,1.24,1.25,1.26,1.77,1.75,1.79,0,0,0,0,0,0,0,0,0,0,0,0,0,0,0,0,0,0,0,0,0,0,0,0,0,0,0,0,0,0,0,0,0,0,0,0,0,0,0,0,0,0,0,0,0,0,0,0,0,0,0,0,0,0,0,--,0,--,--,--,--,0,--,--,--,--,--,--
Kansas : electric utility,dollars per million Btu,ELEC.COST_BTU.PC-KS-1.M,1.48,1.63,1.59,1.62,1.61,1.65,1.63,1.62,1.56,1.52,1.46,1.47,1.51,1.52,1.47,1.51,1.49,1.47,1.47,1.49,1.49,1.77,1.96,1.91,1.17,1.22,1.22,1.23,1.23,1.23,1.28,1.22,1.26,1.24,1.25,1.26,1.77,1.75,1.79,0,0,0,0,0,0,0,0,0,0,0,0,0,0,0,0,0,0,0,0,0,0,0,0,0,0,0,0,0,0,0,0,0,0,0,0,0,0,0,0,0,0,0,0,0,0,0,0,0,0,0,0,0,0,0,--,0,--,--,--,--,0,--,--,--,--,--,--
Kansas : independent power producers,dollars per million Btu,ELEC.COST_BTU.PC-KS-94.M,--,--,--,--,--,--,--,--,--,--,--,--,--,--,--,--,--,--,--,--,--,--,--,--,--,--,--,--,--,--,--,--,--,--,--,--,--,--,--,--,--,--,--,--,--,--,--,--,--,--,--,--,--,--,--,--,--,--,--,--,--,--,--,--,--,--,--,--,--,--,--,--,--,--,--,--,--,--,--,--,--,--,--,--,--,--,--,--,--,--,--,--,--,--,--,--,--,--,--,--,--,--,--,--,--,--,--
Minnesota,,ELEC.COST_BTU.PC-MN-99.M,,,,,,,,,,,,,,,,,,,,,,,,,,,,,,,,,,,,,,,,,,,,,,,,,,,,,,,,,,,,,,,,,,,,,,,,,,,,,,,,,,,,,,,,,,,,,,,,,,,,,,,,,,,
Minnesota : all sectors,,ELEC.COST_BTU.PC-MN-99.M,,,,,,,,,,,,,,,,,,,,,,,,,,,,,,,,,,,,,,,,,,,,,,,,,,,,,,,,,,,,,,,,,,,,,,,,,,,,,,,,,,,,,,,,,,,,,,,,,,,,,,,,,,,
Minnesota : electric power,dollars per million Btu,ELEC.COST_BTU.PC-MN-98.M,1.04,1.04,1.04,1.07,1.06,1.07,1.06,1.05,1.34,1.32,1.32,0,0,0,W,0,0,0,0,0,0,0,0,0,0,0,0,0,0,0,0,0,0,0,0,0,0,0,0,0,0,0,0,0,0,0,0,0,0,0,0,0,0,0,0,0,0,0,0,0,0,0,0,0,0,0,0,0,0,0,0,0,0,0,0,0,--,--,--,--,--,--,--,--,--,--,--,--,--,--,--,--,--,--,--,--,--,--,--,--,--,--,--,--,--,--,--
Minnesota : electric utility,dollars per million Btu,ELEC.COST_BTU.PC-MN-1.M,1.04,1.04,1.04,1.07,1.06,1.07,1.06,1.05,1.34,1.32,1.32,0,0,0,0,0,0,0,0,0,0,0,0,0,0,0,0,0,0,0,0,0,0,0,0,0,0,0,0,0,0,0,0,0,0,0,0,0,0,0,0,0,0,0,0,0,0,0,0,0,0,0,0,0,0,0,0,0,0,0,0,0,0,0,0,0,--,--,--,--,--,--,--,--,--,--,--,--,--,--,--,--,--,--,--,--,--,--,--,--,--,--,--,--,--,--,--
Minnesota : independent power producers,dollars per million Btu,ELEC.COST_BTU.PC-MN-94.M,--,--,--,--,--,--,--,--,--,--,--,--,--,--,--,--,--,--,--,--,--,--,--,--,--,--,--,--,--,--,--,--,--,--,--,--,--,--,--,--,--,--,--,--,--,--,--,--,--,--,--,--,--,--,--,--,--,--,--,--,--,--,--,--,--,--,--,--,--,--,--,--,--,--,--,--,--,--,--,--,--,--,--,--,--,--,--,--,--,--,--,--,--,--,--,--,--,--,--,--,--,--,--,--,--,--,--
Missouri,,ELEC.COST_BTU.PC-MO-99.M,,,,,,,,,,,,,,,,,,,,,,,,,,,,,,,,,,,,,,,,,,,,,,,,,,,,,,,,,,,,,,,,,,,,,,,,,,,,,,,,,,,,,,,,,,,,,,,,,,,,,,,,,,,
Missouri : all sectors,,ELEC.COST_BTU.PC-MO-99.M,,,,,,,,,,,,,,,,,,,,,,,,,,,,,,,,,,,,,,,,,,,,,,,,,,,,,,,,,,,,,,,,,,,,,,,,,,,,,,,,,,,,,,,,,,,,,,,,,,,,,,,,,,,
Missouri : electric power,dollars per million Btu,ELEC.COST_BTU.PC-MO-98.M,0,0,0,0,0,0,0,0,0,0,0,1.46,0,0,W,1.54,1.53,1.52,1.5,1.52,1.52,1.55,1.58,1.55,1.17,1.23,1.22,0,0,0,0,0,0,0,0,0,0,0,0,0,0,0,0,0,0,0,0,0,0,0,0,0,0,0,0,0,0,0,0,0,0,0,0,0,0,0,0,0,0,0,0,0,0,0,0,0,0,--,--,--,--,--,--,--,--,--,--,--,--,--,--,--,--,--,--,--,--,--,--,0,--,--,--,--,--,--,--
Missouri : electric utility,dollars per million Btu,ELEC.COST_BTU.PC-MO-1.M,0,0,0,0,0,0,0,0,0,0,0,1.46,0,0,1.51,1.54,1.53,1.52,1.5,1.52,1.52,1.55,1.58,1.55,1.17,1.23,1.22,0,0,0,0,0,0,0,0,0,0,0,0,0,0,0,0,0,0,0,0,0,0,0,0,0,0,0,0,0,0,0,0,0,0,0,0,0,0,0,0,0,0,0,0,0,0,0,0,0,0,--,--,--,--,--,--,--,--,--,--,--,--,--,--,--,--,--,--,--,--,--,--,0,--,--,--,--,--,--,--
Missouri : independent power producers,dollars per million Btu,ELEC.COST_BTU.PC-MO-94.M,--,--,--,--,--,--,--,--,--,--,--,--,--,--,--,--,--,--,--,--,--,--,--,--,--,--,--,--,--,--,--,--,--,--,--,--,--,--,--,--,--,--,--,--,--,--,--,--,--,--,--,--,--,--,--,--,--,--,--,--,--,--,--,--,--,--,--,--,--,--,--,--,--,--,--,--,--,--,--,--,--,--,--,--,--,--,--,--,--,--,--,--,--,--,--,--,--,--,--,--,--,--,--,--,--,--,--
Nebraska,,ELEC.COST_BTU.PC-NE-99.M,,,,,,,,,,,,,,,,,,,,,,,,,,,,,,,,,,,,,,,,,,,,,,,,,,,,,,,,,,,,,,,,,,,,,,,,,,,,,,,,,,,,,,,,,,,,,,,,,,,,,,,,,,,
Nebraska : all sectors,,ELEC.COST_BTU.PC-NE-99.M,,,,,,,,,,,,,,,,,,,,,,,,,,,,,,,,,,,,,,,,,,,,,,,,,,,,,,,,,,,,,,,,,,,,,,,,,,,,,,,,,,,,,,,,,,,,,,,,,,,,,,,,,,,
Nebraska : electric power,dollars per million Btu,ELEC.COST_BTU.PC-NE-98.M,--,--,--,--,--,--,--,--,--,--,--,--,--,--,--,--,--,--,--,--,--,--,--,--,--,--,--,--,--,--,--,--,--,--,--,--,--,--,--,--,--,--,--,--,--,--,--,--,--,--,--,--,--,--,--,--,--,--,--,--,--,--,--,--,--,--,--,--,--,--,--,--,--,--,--,--,--,--,--,--,--,--,--,--,--,--,--,--,--,--,--,--,--,--,--,--,--,--,--,--,--,--,--,--,--,--,--
Nebraska : electric utility,dollars per million Btu,ELEC.COST_BTU.PC-NE-1.M,--,--,--,--,--,--,--,--,--,--,--,--,--,--,--,--,--,--,--,--,--,--,--,--,--,--,--,--,--,--,--,--,--,--,--,--,--,--,--,--,--,--,--,--,--,--,--,--,--,--,--,--,--,--,--,--,--,--,--,--,--,--,--,--,--,--,--,--,--,--,--,--,--,--,--,--,--,--,--,--,--,--,--,--,--,--,--,--,--,--,--,--,--,--,--,--,--,--,--,--,--,--,--,--,--,--,--
Nebraska : independent power producers,dollars per million Btu,ELEC.COST_BTU.PC-NE-94.M,--,--,--,--,--,--,--,--,--,--,--,--,--,--,--,--,--,--,--,--,--,--,--,--,--,--,--,--,--,--,--,--,--,--,--,--,--,--,--,--,--,--,--,--,--,--,--,--,--,--,--,--,--,--,--,--,--,--,--,--,--,--,--,--,--,--,--,--,--,--,--,--,--,--,--,--,--,--,--,--,--,--,--,--,--,--,--,--,--,--,--,--,--,--,--,--,--,--,--,--,--,--,--,--,--,--,--
North Dakota,,ELEC.COST_BTU.PC-ND-99.M,,,,,,,,,,,,,,,,,,,,,,,,,,,,,,,,,,,,,,,,,,,,,,,,,,,,,,,,,,,,,,,,,,,,,,,,,,,,,,,,,,,,,,,,,,,,,,,,,,,,,,,,,,,
North Dakota : all sectors,,ELEC.COST_BTU.PC-ND-99.M,,,,,,,,,,,,,,,,,,,,,,,,,,,,,,,,,,,,,,,,,,,,,,,,,,,,,,,,,,,,,,,,,,,,,,,,,,,,,,,,,,,,,,,,,,,,,,,,,,,,,,,,,,,
North Dakota : electric power,dollars per million Btu,ELEC.COST_BTU.PC-ND-98.M,--,--,--,--,--,--,--,--,--,--,--,--,--,--,--,--,--,--,--,--,--,--,--,--,--,--,--,--,--,--,--,--,--,--,--,--,--,--,--,--,--,--,--,--,--,--,--,--,--,--,--,--,--,--,--,--,--,--,--,--,--,--,--,--,--,--,--,--,--,--,--,--,--,--,--,--,--,--,--,--,--,--,--,--,--,--,--,--,--,--,--,--,--,--,--,--,--,--,--,--,--,--,--,--,--,--,--
North Dakota : electric utility,dollars per million Btu,ELEC.COST_BTU.PC-ND-1.M,--,--,--,--,--,--,--,--,--,--,--,--,--,--,--,--,--,--,--,--,--,--,--,--,--,--,--,--,--,--,--,--,--,--,--,--,--,--,--,--,--,--,--,--,--,--,--,--,--,--,--,--,--,--,--,--,--,--,--,--,--,--,--,--,--,--,--,--,--,--,--,--,--,--,--,--,--,--,--,--,--,--,--,--,--,--,--,--,--,--,--,--,--,--,--,--,--,--,--,--,--,--,--,--,--,--,--
North Dakota : independent power producers,dollars per million Btu,ELEC.COST_BTU.PC-ND-94.M,--,--,--,--,--,--,--,--,--,--,--,--,--,--,--,--,--,--,--,--,--,--,--,--,--,--,--,--,--,--,--,--,--,--,--,--,--,--,--,--,--,--,--,--,--,--,--,--,--,--,--,--,--,--,--,--,--,--,--,--,--,--,--,--,--,--,--,--,--,--,--,--,--,--,--,--,--,--,--,--,--,--,--,--,--,--,--,--,--,--,--,--,--,--,--,--,--,--,--,--,--,--,--,--,--,--,--
South Dakota,,ELEC.COST_BTU.PC-SD-99.M,,,,,,,,,,,,,,,,,,,,,,,,,,,,,,,,,,,,,,,,,,,,,,,,,,,,,,,,,,,,,,,,,,,,,,,,,,,,,,,,,,,,,,,,,,,,,,,,,,,,,,,,,,,
South Dakota : all sectors,,ELEC.COST_BTU.PC-SD-99.M,,,,,,,,,,,,,,,,,,,,,,,,,,,,,,,,,,,,,,,,,,,,,,,,,,,,,,,,,,,,,,,,,,,,,,,,,,,,,,,,,,,,,,,,,,,,,,,,,,,,,,,,,,,
South Dakota : electric power,dollars per million Btu,ELEC.COST_BTU.PC-SD-98.M,--,--,--,--,--,--,--,--,--,--,--,--,--,--,--,--,--,--,--,--,--,--,--,--,--,--,--,--,--,--,--,--,--,--,--,--,--,--,--,--,--,--,--,--,--,--,--,--,--,--,--,--,--,--,--,--,--,--,--,--,--,--,--,--,--,--,--,--,--,--,--,--,--,--,--,--,--,--,--,--,--,--,--,--,--,--,--,--,--,--,--,--,--,--,--,--,--,--,--,--,--,--,--,--,--,--,--
South Dakota : electric utility,dollars per million Btu,ELEC.COST_BTU.PC-SD-1.M,--,--,--,--,--,--,--,--,--,--,--,--,--,--,--,--,--,--,--,--,--,--,--,--,--,--,--,--,--,--,--,--,--,--,--,--,--,--,--,--,--,--,--,--,--,--,--,--,--,--,--,--,--,--,--,--,--,--,--,--,--,--,--,--,--,--,--,--,--,--,--,--,--,--,--,--,--,--,--,--,--,--,--,--,--,--,--,--,--,--,--,--,--,--,--,--,--,--,--,--,--,--,--,--,--,--,--
South Dakota : independent power producers,dollars per million Btu,ELEC.COST_BTU.PC-SD-94.M,--,--,--,--,--,--,--,--,--,--,--,--,--,--,--,--,--,--,--,--,--,--,--,--,--,--,--,--,--,--,--,--,--,--,--,--,--,--,--,--,--,--,--,--,--,--,--,--,--,--,--,--,--,--,--,--,--,--,--,--,--,--,--,--,--,--,--,--,--,--,--,--,--,--,--,--,--,--,--,--,--,--,--,--,--,--,--,--,--,--,--,--,--,--,--,--,--,--,--,--,--,--,--,--,--,--,--
South Atlantic,,ELEC.COST_BTU.PC-SAT-99.M,,,,,,,,,,,,,,,,,,,,,,,,,,,,,,,,,,,,,,,,,,,,,,,,,,,,,,,,,,,,,,,,,,,,,,,,,,,,,,,,,,,,,,,,,,,,,,,,,,,,,,,,,,,
South Atlantic : all sectors,,ELEC.COST_BTU.PC-SAT-99.M,,,,,,,,,,,,,,,,,,,,,,,,,,,,,,,,,,,,,,,,,,,,,,,,,,,,,,,,,,,,,,,,,,,,,,,,,,,,,,,,,,,,,,,,,,,,,,,,,,,,,,,,,,,
South Atlantic : electric power,dollars per million Btu,ELEC.COST_BTU.PC-SAT-98.M,2.07,2.38,2.05,1.91,2.33,2.17,1.55,2.72,2.37,2.13,W,2.57,2.63,2.45,W,1.3,2.44,2.48,3.03,2.68,2.48,2.67,1.73,2.53,2.62,2.94,2.67,2.85,2.87,2.67,3.12,3.39,3.51,3.47,3.26,3.62,4.03,4.34,4.23,4.42,4.57,4.54,4.24,3.8,3.64,3.45,2.84,2.29,2.67,2.67,2.54,2.59,2.58,0,2.46,2.82,2.72,2.31,2.21,2.43,2.19,2.48,2.17,2.8,2.81,2.86,2.67,2.54,2.54,2.57,2.08,2.24,2.4,2.32,2.4,2.37,2.71,2.48,2.2,2.16,2.12,2.04,1.98,2.62,2.39,1.97,2.45,2.37,2.34,2.54,2.17,2.14,1.98,2.01,1.65,1.48,1.21,1.16,1.31,1.16,1.2,1.45,1.52,1.89,2.02,1.66,2.35
South Atlantic : electric utility,dollars per million Btu,ELEC.COST_BTU.PC-SAT-1.M,2.07,2.38,2.05,1.91,2.33,2.17,1.55,2.72,2.37,2.13,2.03,2.57,2.63,2.45,2.47,1.3,2.44,2.48,3.03,2.68,2.48,2.67,1.73,2.53,2.62,2.94,2.67,2.85,2.87,2.67,3.12,3.39,3.51,3.47,3.26,3.62,4.03,4.34,4.23,4.42,4.57,4.54,4.24,3.8,3.64,3.45,2.84,2.29,2.67,2.67,2.54,2.59,2.58,0,2.46,2.82,2.72,2.31,2.21,2.43,2.19,2.48,2.17,2.8,2.81,2.86,2.67,2.54,2.54,2.57,2.08,2.24,2.4,2.32,2.4,2.37,2.71,2.48,2.2,2.16,2.12,2.04,1.98,2.62,2.39,1.97,2.45,2.37,2.34,2.54,2.17,2.14,1.98,2.01,1.65,1.48,1.21,1.16,1.31,1.16,1.2,1.45,1.52,1.89,2.02,1.66,2.35
South Atlantic : independent power producers,dollars per million Btu,ELEC.COST_BTU.PC-SAT-94.M,--,--,--,--,--,--,--,--,--,--,W,--,--,--,W,--,--,--,--,--,--,--,--,--,--,--,--,--,--,--,--,--,--,--,--,--,0,0,0,0,0,0,0,0,0,0,0,0,0,0,0,0,0,0,0,0,0,0,0,0,0,0,0,0,0,0,0,0,0,0,0,0,0,0,0,0,0,0,0,0,0,0,0,0,0,0,0,0,0,0,0,0,0,0,0,0,0,0,0,0,0,0,0,0,0,0,0
Delaware,,ELEC.COST_BTU.PC-DE-99.M,,,,,,,,,,,,,,,,,,,,,,,,,,,,,,,,,,,,,,,,,,,,,,,,,,,,,,,,,,,,,,,,,,,,,,,,,,,,,,,,,,,,,,,,,,,,,,,,,,,,,,,,,,,
Delaware : all sectors,,ELEC.COST_BTU.PC-DE-99.M,,,,,,,,,,,,,,,,,,,,,,,,,,,,,,,,,,,,,,,,,,,,,,,,,,,,,,,,,,,,,,,,,,,,,,,,,,,,,,,,,,,,,,,,,,,,,,,,,,,,,,,,,,,
Delaware : electric power,dollars per million Btu,ELEC.COST_BTU.PC-DE-98.M,--,--,--,--,--,--,--,--,--,--,--,--,--,--,--,--,--,--,--,--,--,--,--,--,--,--,--,--,--,--,--,--,--,--,--,--,--,--,--,--,--,--,--,--,--,--,--,--,--,--,--,--,--,--,--,--,--,--,--,--,--,--,--,--,--,--,--,--,--,--,--,--,--,--,--,--,--,--,--,--,--,--,--,--,--,--,--,--,--,--,--,--,--,--,--,--,--,--,--,--,--,--,--,--,--,--,--
Delaware : electric utility,dollars per million Btu,ELEC.COST_BTU.PC-DE-1.M,--,--,--,--,--,--,--,--,--,--,--,--,--,--,--,--,--,--,--,--,--,--,--,--,--,--,--,--,--,--,--,--,--,--,--,--,--,--,--,--,--,--,--,--,--,--,--,--,--,--,--,--,--,--,--,--,--,--,--,--,--,--,--,--,--,--,--,--,--,--,--,--,--,--,--,--,--,--,--,--,--,--,--,--,--,--,--,--,--,--,--,--,--,--,--,--,--,--,--,--,--,--,--,--,--,--,--
Delaware : independent power producers,dollars per million Btu,ELEC.COST_BTU.PC-DE-94.M,--,--,--,--,--,--,--,--,--,--,--,--,--,--,--,--,--,--,--,--,--,--,--,--,--,--,--,--,--,--,--,--,--,--,--,--,--,--,--,--,--,--,--,--,--,--,--,--,--,--,--,--,--,--,--,--,--,--,--,--,--,--,--,--,--,--,--,--,--,--,--,--,--,--,--,--,--,--,--,--,--,--,--,--,--,--,--,--,--,--,--,--,--,--,--,--,--,--,--,--,--,--,--,--,--,--,--
District Of Columbia,,ELEC.COST_BTU.PC-DC-99.M,,,,,,,,,,,,,,,,,,,,,,,,,,,,,,,,,,,,,,,,,,,,,,,,,,,,,,,,,,,,,,,,,,,,,,,,,,,,,,,,,,,,,,,,,,,,,,,,,,,,,,,,,,,
District Of Columbia : all sectors,,ELEC.COST_BTU.PC-DC-99.M,,,,,,,,,,,,,,,,,,,,,,,,,,,,,,,,,,,,,,,,,,,,,,,,,,,,,,,,,,,,,,,,,,,,,,,,,,,,,,,,,,,,,,,,,,,,,,,,,,,,,,,,,,,
District Of Columbia : electric power,dollars per million Btu,ELEC.COST_BTU.PC-DC-98.M,--,--,--,--,--,--,--,--,--,--,--,--,--,--,--,--,--,--,--,--,--,--,--,--,--,--,--,--,--,--,--,--,--,--,--,--,--,--,--,--,--,--,--,--,--,--,--,--,--,--,--,--,--,--,--,--,--,--,--,--,--,--,--,--,--,--,--,--,--,--,--,--,--,--,--,--,--,--,--,--,--,--,--,--,--,--,--,--,--,--,--,--,--,--,--,--,--,--,--,--,--,--,--,--,--,--,--
District Of Columbia : electric utility,dollars per million Btu,ELEC.COST_BTU.PC-DC-1.M,--,--,--,--,--,--,--,--,--,--,--,--,--,--,--,--,--,--,--,--,--,--,--,--,--,--,--,--,--,--,--,--,--,--,--,--,--,--,--,--,--,--,--,--,--,--,--,--,--,--,--,--,--,--,--,--,--,--,--,--,--,--,--,--,--,--,--,--,--,--,--,--,--,--,--,--,--,--,--,--,--,--,--,--,--,--,--,--,--,--,--,--,--,--,--,--,--,--,--,--,--,--,--,--,--,--,--
District Of Columbia : independent power producers,dollars per million Btu,ELEC.COST_BTU.PC-DC-94.M,--,--,--,--,--,--,--,--,--,--,--,--,--,--,--,--,--,--,--,--,--,--,--,--,--,--,--,--,--,--,--,--,--,--,--,--,--,--,--,--,--,--,--,--,--,--,--,--,--,--,--,--,--,--,--,--,--,--,--,--,--,--,--,--,--,--,--,--,--,--,--,--,--,--,--,--,--,--,--,--,--,--,--,--,--,--,--,--,--,--,--,--,--,--,--,--,--,--,--,--,--,--,--,--,--,--,--
Florida,,ELEC.COST_BTU.PC-FL-99.M,,,,,,,,,,,,,,,,,,,,,,,,,,,,,,,,,,,,,,,,,,,,,,,,,,,,,,,,,,,,,,,,,,,,,,,,,,,,,,,,,,,,,,,,,,,,,,,,,,,,,,,,,,,
Florida : all sectors,,ELEC.COST_BTU.PC-FL-99.M,,,,,,,,,,,,,,,,,,,,,,,,,,,,,,,,,,,,,,,,,,,,,,,,,,,,,,,,,,,,,,,,,,,,,,,,,,,,,,,,,,,,,,,,,,,,,,,,,,,,,,,,,,,
Florida : electric power,dollars per million Btu,ELEC.COST_BTU.PC-FL-98.M,2.07,2.38,2.05,1.91,2.33,2.17,1.55,2.72,2.37,2.13,2.03,2.57,2.63,2.45,W,1.3,2.44,2.93,3.03,2.68,2.48,2.67,1.73,2.53,2.75,2.94,2.67,2.85,2.87,2.67,3.12,3.39,3.51,3.47,3.26,3.62,4.03,4.34,4.23,4.42,4.57,4.54,4.24,3.8,3.64,3.45,2.84,2.29,2.67,2.67,2.54,2.59,2.58,0,2.46,2.82,2.72,2.31,2.21,2.43,2.19,2.48,2.17,2.8,2.81,2.86,2.67,2.54,2.54,2.57,2.08,2.24,2.4,2.32,2.4,2.37,2.71,2.48,2.2,2.16,2.12,2.04,1.98,2.62,2.39,1.97,2.45,2.37,2.34,2.54,2.17,2.14,1.98,2.01,1.65,1.48,1.21,1.16,1.31,1.16,1.2,1.45,1.52,1.89,2.02,1.66,2.35
Florida : electric utility,dollars per million Btu,ELEC.COST_BTU.PC-FL-1.M,2.07,2.38,2.05,1.91,2.33,2.17,1.55,2.72,2.37,2.13,2.03,2.57,2.63,2.45,2.47,1.3,2.44,2.93,3.03,2.68,2.48,2.67,1.73,2.53,2.75,2.94,2.67,2.85,2.87,2.67,3.12,3.39,3.51,3.47,3.26,3.62,4.03,4.34,4.23,4.42,4.57,4.54,4.24,3.8,3.64,3.45,2.84,2.29,2.67,2.67,2.54,2.59,2.58,0,2.46,2.82,2.72,2.31,2.21,2.43,2.19,2.48,2.17,2.8,2.81,2.86,2.67,2.54,2.54,2.57,2.08,2.24,2.4,2.32,2.4,2.37,2.71,2.48,2.2,2.16,2.12,2.04,1.98,2.62,2.39,1.97,2.45,2.37,2.34,2.54,2.17,2.14,1.98,2.01,1.65,1.48,1.21,1.16,1.31,1.16,1.2,1.45,1.52,1.89,2.02,1.66,2.35
Florida : independent power producers,dollars per million Btu,ELEC.COST_BTU.PC-FL-94.M,--,--,--,--,--,--,--,--,--,--,--,--,--,--,--,--,--,--,--,--,--,--,--,--,--,--,--,--,--,--,--,--,--,--,--,--,--,--,--,--,--,--,--,--,--,--,--,--,--,--,--,--,--,--,--,--,--,--,--,--,--,--,--,--,--,--,--,--,--,--,--,--,--,--,--,--,--,--,--,--,--,--,--,--,--,--,--,--,--,--,--,--,--,--,--,--,--,--,--,--,--,--,--,--,--,--,--
Georgia,,ELEC.COST_BTU.PC-GA-99.M,,,,,,,,,,,,,,,,,,,,,,,,,,,,,,,,,,,,,,,,,,,,,,,,,,,,,,,,,,,,,,,,,,,,,,,,,,,,,,,,,,,,,,,,,,,,,,,,,,,,,,,,,,,
Georgia : all sectors,,ELEC.COST_BTU.PC-GA-99.M,,,,,,,,,,,,,,,,,,,,,,,,,,,,,,,,,,,,,,,,,,,,,,,,,,,,,,,,,,,,,,,,,,,,,,,,,,,,,,,,,,,,,,,,,,,,,,,,,,,,,,,,,,,
Georgia : electric power,dollars per million Btu,ELEC.COST_BTU.PC-GA-98.M,--,--,--,--,--,--,--,--,--,--,--,--,--,--,--,--,--,--,--,--,--,--,--,--,--,--,--,--,--,--,--,--,--,--,--,--,--,--,--,--,--,--,--,--,--,--,--,--,--,--,--,--,--,--,--,--,--,--,--,--,--,--,--,--,--,--,--,--,--,--,--,--,--,--,--,--,--,--,--,--,--,--,--,--,--,--,--,--,--,--,--,--,--,--,--,--,--,--,--,--,--,--,--,--,--,--,--
Georgia : electric utility,dollars per million Btu,ELEC.COST_BTU.PC-GA-1.M,--,--,--,--,--,--,--,--,--,--,--,--,--,--,--,--,--,--,--,--,--,--,--,--,--,--,--,--,--,--,--,--,--,--,--,--,--,--,--,--,--,--,--,--,--,--,--,--,--,--,--,--,--,--,--,--,--,--,--,--,--,--,--,--,--,--,--,--,--,--,--,--,--,--,--,--,--,--,--,--,--,--,--,--,--,--,--,--,--,--,--,--,--,--,--,--,--,--,--,--,--,--,--,--,--,--,--
Georgia : independent power producers,dollars per million Btu,ELEC.COST_BTU.PC-GA-94.M,--,--,--,--,--,--,--,--,--,--,--,--,--,--,--,--,--,--,--,--,--,--,--,--,--,--,--,--,--,--,--,--,--,--,--,--,--,--,--,--,--,--,--,--,--,--,--,--,--,--,--,--,--,--,--,--,--,--,--,--,--,--,--,--,--,--,--,--,--,--,--,--,--,--,--,--,--,--,--,--,--,--,--,--,--,--,--,--,--,--,--,--,--,--,--,--,--,--,--,--,--,--,--,--,--,--,--
Maryland,,ELEC.COST_BTU.PC-MD-99.M,,,,,,,,,,,,,,,,,,,,,,,,,,,,,,,,,,,,,,,,,,,,,,,,,,,,,,,,,,,,,,,,,,,,,,,,,,,,,,,,,,,,,,,,,,,,,,,,,,,,,,,,,,,
Maryland : all sectors,,ELEC.COST_BTU.PC-MD-99.M,,,,,,,,,,,,,,,,,,,,,,,,,,,,,,,,,,,,,,,,,,,,,,,,,,,,,,,,,,,,,,,,,,,,,,,,,,,,,,,,,,,,,,,,,,,,,,,,,,,,,,,,,,,
Maryland : electric power,dollars per million Btu,ELEC.COST_BTU.PC-MD-98.M,--,--,--,--,--,--,--,--,--,--,--,--,--,--,--,--,--,--,--,--,--,--,--,--,--,--,--,--,--,--,--,--,--,--,--,--,--,--,--,--,--,--,--,--,--,--,--,--,--,--,--,--,--,--,--,--,--,--,--,--,--,--,--,--,--,--,--,--,--,--,--,--,--,--,--,--,--,--,--,--,--,--,--,--,--,--,--,--,--,--,--,--,--,--,--,--,--,--,--,--,--,--,--,--,--,--,--
Maryland : electric utility,dollars per million Btu,ELEC.COST_BTU.PC-MD-1.M,--,--,--,--,--,--,--,--,--,--,--,--,--,--,--,--,--,--,--,--,--,--,--,--,--,--,--,--,--,--,--,--,--,--,--,--,--,--,--,--,--,--,--,--,--,--,--,--,--,--,--,--,--,--,--,--,--,--,--,--,--,--,--,--,--,--,--,--,--,--,--,--,--,--,--,--,--,--,--,--,--,--,--,--,--,--,--,--,--,--,--,--,--,--,--,--,--,--,--,--,--,--,--,--,--,--,--
Maryland : independent power producers,dollars per million Btu,ELEC.COST_BTU.PC-MD-94.M,--,--,--,--,--,--,--,--,--,--,--,--,--,--,--,--,--,--,--,--,--,--,--,--,--,--,--,--,--,--,--,--,--,--,--,--,--,--,--,--,--,--,--,--,--,--,--,--,--,--,--,--,--,--,--,--,--,--,--,--,--,--,--,--,--,--,--,--,--,--,--,--,--,--,--,--,--,--,--,--,--,--,--,--,--,--,--,--,--,--,--,--,--,--,--,--,--,--,--,--,--,--,--,--,--,--,--
North Carolina,,ELEC.COST_BTU.PC-NC-99.M,,,,,,,,,,,,,,,,,,,,,,,,,,,,,,,,,,,,,,,,,,,,,,,,,,,,,,,,,,,,,,,,,,,,,,,,,,,,,,,,,,,,,,,,,,,,,,,,,,,,,,,,,,,
North Carolina : all sectors,,ELEC.COST_BTU.PC-NC-99.M,,,,,,,,,,,,,,,,,,,,,,,,,,,,,,,,,,,,,,,,,,,,,,,,,,,,,,,,,,,,,,,,,,,,,,,,,,,,,,,,,,,,,,,,,,,,,,,,,,,,,,,,,,,
North Carolina : electric power,dollars per million Btu,ELEC.COST_BTU.PC-NC-98.M,--,--,--,--,--,--,--,--,--,--,--,--,--,--,--,--,--,--,--,--,--,--,--,--,--,--,--,--,--,--,--,--,--,--,--,--,--,--,--,--,--,--,--,--,--,--,--,--,--,--,--,--,--,--,--,--,--,--,--,--,--,--,--,--,--,--,--,--,--,--,--,--,--,--,--,--,--,--,--,--,--,--,--,--,--,--,--,--,--,--,--,--,--,--,--,0,0,0,0,0,0,0,0,0,0,0,0
North Carolina : electric utility,dollars per million Btu,ELEC.COST_BTU.PC-NC-1.M,--,--,--,--,--,--,--,--,--,--,--,--,--,--,--,--,--,--,--,--,--,--,--,--,--,--,--,--,--,--,--,--,--,--,--,--,--,--,--,--,--,--,--,--,--,--,--,--,--,--,--,--,--,--,--,--,--,--,--,--,--,--,--,--,--,--,--,--,--,--,--,--,--,--,--,--,--,--,--,--,--,--,--,--,--,--,--,--,--,--,--,--,--,--,--,--,--,--,--,--,--,--,--,--,--,--,--
North Carolina : independent power producers,dollars per million Btu,ELEC.COST_BTU.PC-NC-94.M,--,--,--,--,--,--,--,--,--,--,--,--,--,--,--,--,--,--,--,--,--,--,--,--,--,--,--,--,--,--,--,--,--,--,--,--,--,--,--,--,--,--,--,--,--,--,--,--,--,--,--,--,--,--,--,--,--,--,--,--,--,--,--,--,--,--,--,--,--,--,--,--,--,--,--,--,--,--,--,--,--,--,--,--,--,--,--,--,--,--,--,--,--,--,--,0,0,0,0,0,0,0,0,0,0,0,0
South Carolina,,ELEC.COST_BTU.PC-SC-99.M,,,,,,,,,,,,,,,,,,,,,,,,,,,,,,,,,,,,,,,,,,,,,,,,,,,,,,,,,,,,,,,,,,,,,,,,,,,,,,,,,,,,,,,,,,,,,,,,,,,,,,,,,,,
South Carolina : all sectors,,ELEC.COST_BTU.PC-SC-99.M,,,,,,,,,,,,,,,,,,,,,,,,,,,,,,,,,,,,,,,,,,,,,,,,,,,,,,,,,,,,,,,,,,,,,,,,,,,,,,,,,,,,,,,,,,,,,,,,,,,,,,,,,,,
South Carolina : electric power,dollars per million Btu,ELEC.COST_BTU.PC-SC-98.M,0,0,0,0,0,0,0,0,0,0,0,0,0,0,W,0,0,1.07,0,0,0,0,0,0,0.9,0,0,0,0,0,0,0,0,0,0,0,0,0,0,0,0,0,0,0,0,0,0,0,0,0,0,0,0,0,0,0,0,0,0,0,0,0,0,0,0,0,0,0,0,0,0,0,0,0,0,0,0,0,0,0,0,0,0,0,0,0,0,0,0,0,0,0,0,0,0,0,0,0,0,0,0,0,0,0,0,0,0
South Carolina : electric utility,dollars per million Btu,ELEC.COST_BTU.PC-SC-1.M,0,0,0,0,0,0,0,0,0,0,0,0,0,0,0,0,0,1.07,0,0,0,0,0,0,0.9,0,0,0,0,0,0,0,0,0,0,0,0,0,0,0,0,0,0,0,0,0,0,0,0,0,0,0,0,0,0,0,0,0,0,0,0,0,0,0,0,0,0,0,0,0,0,0,0,0,0,0,0,0,0,0,0,0,0,0,0,0,0,0,0,0,0,0,0,0,0,0,0,0,0,0,0,0,0,0,0,0,0
South Carolina : independent power producers,dollars per million Btu,ELEC.COST_BTU.PC-SC-94.M,--,--,--,--,--,--,--,--,--,--,--,--,--,--,--,--,--,--,--,--,--,--,--,--,--,--,--,--,--,--,--,--,--,--,--,--,--,--,--,--,--,--,--,--,--,--,--,--,--,--,--,--,--,--,--,--,--,--,--,--,--,--,--,--,--,--,--,--,--,--,--,--,--,--,--,--,--,--,--,--,--,--,--,--,--,--,--,--,--,--,--,--,--,--,--,--,--,--,--,--,--,--,--,--,--,--,--
Virginia,,ELEC.COST_BTU.PC-VA-99.M,,,,,,,,,,,,,,,,,,,,,,,,,,,,,,,,,,,,,,,,,,,,,,,,,,,,,,,,,,,,,,,,,,,,,,,,,,,,,,,,,,,,,,,,,,,,,,,,,,,,,,,,,,,
Virginia : all sectors,,ELEC.COST_BTU.PC-VA-99.M,,,,,,,,,,,,,,,,,,,,,,,,,,,,,,,,,,,,,,,,,,,,,,,,,,,,,,,,,,,,,,,,,,,,,,,,,,,,,,,,,,,,,,,,,,,,,,,,,,,,,,,,,,,
Virginia : electric power,dollars per million Btu,ELEC.COST_BTU.PC-VA-98.M,--,--,--,--,--,--,--,--,--,--,--,--,--,--,--,--,--,--,--,--,--,--,--,--,--,--,--,--,--,--,--,--,--,--,--,--,--,--,--,--,--,--,--,--,--,--,--,--,--,--,--,--,--,--,--,--,--,--,--,--,--,--,--,--,--,--,--,--,--,--,--,--,--,--,--,--,--,--,--,--,--,--,--,--,--,--,--,--,--,--,--,--,--,--,--,--,--,--,--,--,--,--,--,--,--,--,--
Virginia : electric utility,dollars per million Btu,ELEC.COST_BTU.PC-VA-1.M,--,--,--,--,--,--,--,--,--,--,--,--,--,--,--,--,--,--,--,--,--,--,--,--,--,--,--,--,--,--,--,--,--,--,--,--,--,--,--,--,--,--,--,--,--,--,--,--,--,--,--,--,--,--,--,--,--,--,--,--,--,--,--,--,--,--,--,--,--,--,--,--,--,--,--,--,--,--,--,--,--,--,--,--,--,--,--,--,--,--,--,--,--,--,--,--,--,--,--,--,--,--,--,--,--,--,--
Virginia : independent power producers,dollars per million Btu,ELEC.COST_BTU.PC-VA-94.M,--,--,--,--,--,--,--,--,--,--,--,--,--,--,--,--,--,--,--,--,--,--,--,--,--,--,--,--,--,--,--,--,--,--,--,--,--,--,--,--,--,--,--,--,--,--,--,--,--,--,--,--,--,--,--,--,--,--,--,--,--,--,--,--,--,--,--,--,--,--,--,--,--,--,--,--,--,--,--,--,--,--,--,--,--,--,--,--,--,--,--,--,--,--,--,--,--,--,--,--,--,--,--,--,--,--,--
West Virginia,,ELEC.COST_BTU.PC-WV-99.M,,,,,,,,,,,,,,,,,,,,,,,,,,,,,,,,,,,,,,,,,,,,,,,,,,,,,,,,,,,,,,,,,,,,,,,,,,,,,,,,,,,,,,,,,,,,,,,,,,,,,,,,,,,
West Virginia : all sectors,,ELEC.COST_BTU.PC-WV-99.M,,,,,,,,,,,,,,,,,,,,,,,,,,,,,,,,,,,,,,,,,,,,,,,,,,,,,,,,,,,,,,,,,,,,,,,,,,,,,,,,,,,,,,,,,,,,,,,,,,,,,,,,,,,
West Virginia : electric power,dollars per million Btu,ELEC.COST_BTU.PC-WV-98.M,0,0,0,0,0,0,0,0,0,0,W,0,0,0,W,0,0,0,0,0,0,0,0,0,0,0,0,0,0,0,0,0,0,0,0,0,0,0,0,0,0,0,0,0,0,0,0,0,0,0,0,0,0,0,0,0,0,0,0,0,0,0,0,0,0,0,0,0,0,0,0,0,0,0,0,0,0,0,0,0,0,0,0,0,0,0,0,0,0,0,0,0,0,0,0,0,0,0,0,0,0,0,0,0,0,0,0
West Virginia : electric utility,dollars per million Btu,ELEC.COST_BTU.PC-WV-1.M,--,--,--,--,--,--,--,--,--,--,--,--,--,--,--,--,--,--,--,--,--,--,--,--,--,--,--,--,--,--,--,--,--,--,--,--,--,--,--,--,--,--,--,--,--,--,--,--,--,--,--,--,--,--,--,--,--,--,--,--,--,--,--,--,--,--,--,--,--,--,--,--,--,--,--,--,--,--,--,--,--,--,--,--,--,--,--,--,--,--,--,--,--,--,--,--,--,--,--,--,--,--,--,--,--,--,--
West Virginia : independent power producers,dollars per million Btu,ELEC.COST_BTU.PC-WV-94.M,0,0,0,0,0,0,0,0,0,0,W,0,0,0,W,0,0,0,0,0,0,0,0,0,0,0,0,0,0,0,0,0,0,0,0,0,0,0,0,0,0,0,0,0,0,0,0,0,0,0,0,0,0,0,0,0,0,0,0,0,0,0,0,0,0,0,0,0,0,0,0,0,0,0,0,0,0,0,0,0,0,0,0,0,0,0,0,0,0,0,0,0,0,0,0,0,0,0,0,0,0,0,0,0,0,0,0
East South Central,,ELEC.COST_BTU.PC-ESC-99.M,,,,,,,,,,,,,,,,,,,,,,,,,,,,,,,,,,,,,,,,,,,,,,,,,,,,,,,,,,,,,,,,,,,,,,,,,,,,,,,,,,,,,,,,,,,,,,,,,,,,,,,,,,,
East South Central : all sectors,,ELEC.COST_BTU.PC-ESC-99.M,,,,,,,,,,,,,,,,,,,,,,,,,,,,,,,,,,,,,,,,,,,,,,,,,,,,,,,,,,,,,,,,,,,,,,,,,,,,,,,,,,,,,,,,,,,,,,,,,,,,,,,,,,,
East South Central : electric power,dollars per million Btu,ELEC.COST_BTU.PC-ESC-98.M,W,W,W,0.89,W,W,W,W,W,0.66,W,W,1.39,1.17,W,1.19,1.03,0.92,1.09,0.76,0.69,0.78,0.81,0.88,0.8,0.74,0.77,0.75,0.95,0.62,0.79,0.93,0.85,0.71,0.85,0.78,0.82,0.53,0.5,0.49,0.52,0.5,0.52,0.51,0.49,0.52,0.51,0.51,1.93,1.93,1.8,1.82,1.8,1.83,1.85,1.77,1.83,1.78,1.84,1.84,1.88,1.83,1.84,1.79,1.87,1.82,1.82,1.78,1.73,1.74,1.78,1.74,1.84,1.68,1.71,1.73,1.74,1.73,1.75,1.79,1.79,1.79,1.8,1.78,1.85,1.75,1.73,1.72,1.73,1.72,1.71,1.72,1.65,1.58,1.57,1.53,1.62,1.58,0,0,0,0,0,0,0,1.46,1.47
East South Central : electric utility,dollars per million Btu,ELEC.COST_BTU.PC-ESC-1.M,--,--,--,--,--,--,--,--,--,--,--,--,1.39,1.17,1.2,1.19,1.03,0.92,1.09,0.76,0.69,0.78,0.81,0.88,0.8,0.74,0.77,0.75,0.95,0.62,0.79,0.93,0.85,0.71,0.85,0.78,0.82,0.53,0.5,0.49,0.52,0.5,0.52,0.51,0.49,0.52,0.51,0.51,1.93,1.93,1.8,1.82,1.8,1.83,1.85,1.77,1.83,1.78,1.84,1.84,1.88,1.83,1.84,1.79,1.87,1.82,1.82,1.78,1.73,1.74,1.78,1.74,1.84,1.68,1.71,1.73,1.74,1.73,1.75,1.79,1.79,1.79,1.8,1.78,1.85,1.75,1.73,1.72,1.73,1.72,1.71,1.72,1.65,1.58,1.57,1.53,1.62,1.58,0,0,0,0,0,0,0,1.46,1.47
East South Central : independent power producers,dollars per million Btu,ELEC.COST_BTU.PC-ESC-94.M,W,W,W,0.89,W,W,W,W,W,0.66,W,W,--,--,--,--,--,--,--,--,--,--,--,--,--,--,--,--,--,--,--,--,--,--,--,--,--,--,--,--,--,--,--,--,--,--,--,--,--,--,--,--,--,--,--,--,--,--,--,--,--,--,--,--,--,--,--,--,--,--,--,--,--,--,--,--,--,--,--,--,--,--,--,--,--,--,--,--,--,--,--,--,--,--,--,--,--,--,--,--,--,--,--,--,--,--,--
Alabama,,ELEC.COST_BTU.PC-AL-99.M,,,,,,,,,,,,,,,,,,,,,,,,,,,,,,,,,,,,,,,,,,,,,,,,,,,,,,,,,,,,,,,,,,,,,,,,,,,,,,,,,,,,,,,,,,,,,,,,,,,,,,,,,,,
Alabama : all sectors,,ELEC.COST_BTU.PC-AL-99.M,,,,,,,,,,,,,,,,,,,,,,,,,,,,,,,,,,,,,,,,,,,,,,,,,,,,,,,,,,,,,,,,,,,,,,,,,,,,,,,,,,,,,,,,,,,,,,,,,,,,,,,,,,,
Alabama : electric power,dollars per million Btu,ELEC.COST_BTU.PC-AL-98.M,--,--,--,--,--,--,--,--,--,--,--,--,--,--,--,--,--,--,--,--,--,--,--,--,--,--,--,--,--,--,--,--,--,--,--,--,0,--,--,--,--,--,--,--,--,--,--,--,--,--,--,--,--,--,--,--,--,--,--,--,--,--,--,--,--,--,--,--,--,--,--,--,--,--,--,--,--,--,--,--,--,--,--,--,--,--,--,--,--,--,--,--,--,--,--,--,--,--,--,--,--,--,--,--,--,--,--
Alabama : electric utility,dollars per million Btu,ELEC.COST_BTU.PC-AL-1.M,--,--,--,--,--,--,--,--,--,--,--,--,--,--,--,--,--,--,--,--,--,--,--,--,--,--,--,--,--,--,--,--,--,--,--,--,0,--,--,--,--,--,--,--,--,--,--,--,--,--,--,--,--,--,--,--,--,--,--,--,--,--,--,--,--,--,--,--,--,--,--,--,--,--,--,--,--,--,--,--,--,--,--,--,--,--,--,--,--,--,--,--,--,--,--,--,--,--,--,--,--,--,--,--,--,--,--
Alabama : independent power producers,dollars per million Btu,ELEC.COST_BTU.PC-AL-94.M,--,--,--,--,--,--,--,--,--,--,--,--,--,--,--,--,--,--,--,--,--,--,--,--,--,--,--,--,--,--,--,--,--,--,--,--,--,--,--,--,--,--,--,--,--,--,--,--,--,--,--,--,--,--,--,--,--,--,--,--,--,--,--,--,--,--,--,--,--,--,--,--,--,--,--,--,--,--,--,--,--,--,--,--,--,--,--,--,--,--,--,--,--,--,--,--,--,--,--,--,--,--,--,--,--,--,--
Kentucky,,ELEC.COST_BTU.PC-KY-99.M,,,,,,,,,,,,,,,,,,,,,,,,,,,,,,,,,,,,,,,,,,,,,,,,,,,,,,,,,,,,,,,,,,,,,,,,,,,,,,,,,,,,,,,,,,,,,,,,,,,,,,,,,,,
Kentucky : all sectors,,ELEC.COST_BTU.PC-KY-99.M,,,,,,,,,,,,,,,,,,,,,,,,,,,,,,,,,,,,,,,,,,,,,,,,,,,,,,,,,,,,,,,,,,,,,,,,,,,,,,,,,,,,,,,,,,,,,,,,,,,,,,,,,,,
Kentucky : electric power,dollars per million Btu,ELEC.COST_BTU.PC-KY-98.M,W,W,W,0.89,W,W,W,W,W,0.66,W,W,1.39,1.17,W,1.19,1.03,0.92,1.09,0.76,0.69,0.78,0.81,0.88,0.8,0.74,0.77,0.75,0.95,0.62,0.79,0.93,0.85,0.71,0.85,0.78,0.82,0.53,0.5,0.49,0.52,0.5,0.52,0.51,0.49,0.52,0.51,0.51,1.93,1.93,1.8,1.82,1.8,1.83,1.85,1.77,1.83,1.78,1.84,1.84,1.88,1.83,1.84,1.79,1.87,1.82,1.82,1.78,1.73,1.74,1.78,1.74,1.84,1.68,1.71,1.73,1.74,1.73,1.75,1.79,1.79,1.79,1.8,1.78,1.85,1.75,1.73,1.72,1.73,1.72,1.71,1.72,1.65,1.58,1.57,1.53,1.62,1.58,0,0,0,0,0,0,0,1.46,1.47
Kentucky : electric utility,dollars per million Btu,ELEC.COST_BTU.PC-KY-1.M,0,0,0,0,0,0,0,0,0,0,0,0,1.39,1.17,1.2,1.19,1.03,0.92,1.09,0.76,0.69,0.78,0.81,0.88,0.8,0.74,0.77,0.75,0.95,0.62,0.79,0.93,0.85,0.71,0.85,0.78,0.82,0.53,0.5,0.49,0.52,0.5,0.52,0.51,0.49,0.52,0.51,0.51,1.93,1.93,1.8,1.82,1.8,1.83,1.85,1.77,1.83,1.78,1.84,1.84,1.88,1.83,1.84,1.79,1.87,1.82,1.82,1.78,1.73,1.74,1.78,1.74,1.84,1.68,1.71,1.73,1.74,1.73,1.75,1.79,1.79,1.79,1.8,1.78,1.85,1.75,1.73,1.72,1.73,1.72,1.71,1.72,1.65,1.58,1.57,1.53,1.62,1.58,0,0,0,0,0,0,0,1.46,1.47
Kentucky : independent power producers,dollars per million Btu,ELEC.COST_BTU.PC-KY-94.M,W,W,W,0.89,W,W,W,W,W,0.66,W,W,--,--,--,--,--,--,--,--,--,--,--,--,--,--,--,--,--,--,--,--,--,--,--,--,--,--,--,--,--,--,--,--,--,--,--,--,--,--,--,--,--,--,--,--,--,--,--,--,--,--,--,--,--,--,--,--,--,--,--,--,--,--,--,--,--,--,--,--,--,--,--,--,--,--,--,--,--,--,--,--,--,--,--,--,--,--,--,--,--,--,--,--,--,--,--
Mississippi,,ELEC.COST_BTU.PC-MS-99.M,,,,,,,,,,,,,,,,,,,,,,,,,,,,,,,,,,,,,,,,,,,,,,,,,,,,,,,,,,,,,,,,,,,,,,,,,,,,,,,,,,,,,,,,,,,,,,,,,,,,,,,,,,,
Mississippi : all sectors,,ELEC.COST_BTU.PC-MS-99.M,,,,,,,,,,,,,,,,,,,,,,,,,,,,,,,,,,,,,,,,,,,,,,,,,,,,,,,,,,,,,,,,,,,,,,,,,,,,,,,,,,,,,,,,,,,,,,,,,,,,,,,,,,,
Mississippi : electric power,dollars per million Btu,ELEC.COST_BTU.PC-MS-98.M,--,--,--,--,--,--,--,--,--,--,--,--,--,--,--,--,--,--,--,--,--,--,--,--,--,--,--,--,--,--,--,--,--,--,--,--,--,--,--,--,--,--,--,--,--,--,--,--,--,--,--,--,--,--,--,--,--,--,--,--,--,--,--,--,--,--,--,--,--,--,--,--,--,--,--,--,--,--,--,--,--,--,--,--,--,--,--,--,--,--,--,--,--,--,--,--,--,--,--,--,--,--,--,--,--,--,--
Mississippi : electric utility,dollars per million Btu,ELEC.COST_BTU.PC-MS-1.M,--,--,--,--,--,--,--,--,--,--,--,--,--,--,--,--,--,--,--,--,--,--,--,--,--,--,--,--,--,--,--,--,--,--,--,--,--,--,--,--,--,--,--,--,--,--,--,--,--,--,--,--,--,--,--,--,--,--,--,--,--,--,--,--,--,--,--,--,--,--,--,--,--,--,--,--,--,--,--,--,--,--,--,--,--,--,--,--,--,--,--,--,--,--,--,--,--,--,--,--,--,--,--,--,--,--,--
Mississippi : independent power producers,dollars per million Btu,ELEC.COST_BTU.PC-MS-94.M,--,--,--,--,--,--,--,--,--,--,--,--,--,--,--,--,--,--,--,--,--,--,--,--,--,--,--,--,--,--,--,--,--,--,--,--,--,--,--,--,--,--,--,--,--,--,--,--,--,--,--,--,--,--,--,--,--,--,--,--,--,--,--,--,--,--,--,--,--,--,--,--,--,--,--,--,--,--,--,--,--,--,--,--,--,--,--,--,--,--,--,--,--,--,--,--,--,--,--,--,--,--,--,--,--,--,--
Tennessee,,ELEC.COST_BTU.PC-TN-99.M,,,,,,,,,,,,,,,,,,,,,,,,,,,,,,,,,,,,,,,,,,,,,,,,,,,,,,,,,,,,,,,,,,,,,,,,,,,,,,,,,,,,,,,,,,,,,,,,,,,,,,,,,,,
Tennessee : all sectors,,ELEC.COST_BTU.PC-TN-99.M,,,,,,,,,,,,,,,,,,,,,,,,,,,,,,,,,,,,,,,,,,,,,,,,,,,,,,,,,,,,,,,,,,,,,,,,,,,,,,,,,,,,,,,,,,,,,,,,,,,,,,,,,,,
Tennessee : electric power,dollars per million Btu,ELEC.COST_BTU.PC-TN-98.M,--,--,--,--,--,--,--,--,--,--,--,--,--,--,--,--,--,--,--,--,--,--,--,--,--,--,--,--,--,--,--,--,--,--,--,--,--,--,--,--,--,--,--,--,--,--,--,--,--,--,--,--,--,--,--,--,--,--,--,--,--,--,--,--,--,--,--,--,--,--,--,--,--,--,--,--,--,--,--,--,--,--,--,--,--,--,--,--,--,--,--,--,--,--,--,--,--,--,--,--,--,--,--,--,--,--,--
Tennessee : electric utility,dollars per million Btu,ELEC.COST_BTU.PC-TN-1.M,--,--,--,--,--,--,--,--,--,--,--,--,--,--,--,--,--,--,--,--,--,--,--,--,--,--,--,--,--,--,--,--,--,--,--,--,--,--,--,--,--,--,--,--,--,--,--,--,--,--,--,--,--,--,--,--,--,--,--,--,--,--,--,--,--,--,--,--,--,--,--,--,--,--,--,--,--,--,--,--,--,--,--,--,--,--,--,--,--,--,--,--,--,--,--,--,--,--,--,--,--,--,--,--,--,--,--
Tennessee : independent power producers,dollars per million Btu,ELEC.COST_BTU.PC-TN-94.M,--,--,--,--,--,--,--,--,--,--,--,--,--,--,--,--,--,--,--,--,--,--,--,--,--,--,--,--,--,--,--,--,--,--,--,--,--,--,--,--,--,--,--,--,--,--,--,--,--,--,--,--,--,--,--,--,--,--,--,--,--,--,--,--,--,--,--,--,--,--,--,--,--,--,--,--,--,--,--,--,--,--,--,--,--,--,--,--,--,--,--,--,--,--,--,--,--,--,--,--,--,--,--,--,--,--,--
West South Central,,ELEC.COST_BTU.PC-WSC-99.M,,,,,,,,,,,,,,,,,,,,,,,,,,,,,,,,,,,,,,,,,,,,,,,,,,,,,,,,,,,,,,,,,,,,,,,,,,,,,,,,,,,,,,,,,,,,,,,,,,,,,,,,,,,
West South Central : all sectors,,ELEC.COST_BTU.PC-WSC-99.M,,,,,,,,,,,,,,,,,,,,,,,,,,,,,,,,,,,,,,,,,,,,,,,,,,,,,,,,,,,,,,,,,,,,,,,,,,,,,,,,,,,,,,,,,,,,,,,,,,,,,,,,,,,
West South Central : electric power,dollars per million Btu,ELEC.COST_BTU.PC-WSC-98.M,W,W,W,W,W,W,W,W,W,W,3.29,W,W,W,W,W,W,W,W,W,W,1.29,W,W,W,W,W,W,W,W,W,W,W,2.91,W,3.05,3,3.19,3.45,W,3.76,3.55,W,3.24,3.02,2.72,W,2.14,W,1.85,1.85,1.65,1.93,W,W,W,2.15,2.07,1.99,1.93,1.95,1.92,2.04,2.01,1.96,2,2.04,1.92,1.83,1.94,1.93,1.91,1.83,1.91,2,2.24,2.28,2.17,2,2.08,2.05,1.61,1.79,1.83,1.92,1.92,1.9,1.96,1.96,1.63,1.89,1.85,1.8,1.66,1.49,1.3,1.07,1.1,1.1,1.11,1.21,1.16,1.36,1.5,1.98,2.02,2.34
West South Central : electric utility,dollars per million Btu,ELEC.COST_BTU.PC-WSC-1.M,1.6,1.82,1.7,1.85,2,2.22,2.44,2.5,2.79,2.86,3.29,2.92,2.2,1.65,1.15,0.97,0.53,1.27,1.34,1.15,0.95,1.32,1.45,1.76,1.81,1.52,2.47,2.28,2.46,2.82,2.64,2.66,2.76,2.91,2.92,3.06,3,3.19,3.45,3.37,3.76,3.55,3.41,3.24,3.02,2.72,2.44,2.14,1.93,1.85,1.85,1.65,1.93,2.31,2.05,2.05,2.15,2.07,1.99,1.93,1.95,1.92,2.04,2.01,1.96,2,2.04,1.92,1.83,1.94,1.93,1.91,1.83,1.91,2,2.24,2.28,2.17,2,2.08,2.05,1.61,1.79,1.83,1.92,1.92,1.9,1.96,1.96,1.63,1.89,1.85,1.8,1.66,1.49,1.3,1.07,1.1,1.1,1.11,1.21,1.16,1.36,1.5,1.98,2.02,2.34
West South Central : independent power producers,dollars per million Btu,ELEC.COST_BTU.PC-WSC-94.M,W,W,W,W,W,W,W,W,W,W,--,W,W,W,W,W,W,W,W,W,W,1.22,W,W,W,W,W,W,W,W,W,W,W,--,W,2.97,0,0,0,W,0,0,W,0,0,0,W,0,W,0,0,0,0,W,W,W,0,0,0,0,0,0,0,0,0,0,0,0,0,0,0,0,0,0,0,0,0,0,0,0,0,0,0,0,0,0,0,0,0,0,0,0,0,0,0,0,0,0,0,0,0,0,0,0,0,0,0
Arkansas,,ELEC.COST_BTU.PC-AR-99.M,,,,,,,,,,,,,,,,,,,,,,,,,,,,,,,,,,,,,,,,,,,,,,,,,,,,,,,,,,,,,,,,,,,,,,,,,,,,,,,,,,,,,,,,,,,,,,,,,,,,,,,,,,,
Arkansas : all sectors,,ELEC.COST_BTU.PC-AR-99.M,,,,,,,,,,,,,,,,,,,,,,,,,,,,,,,,,,,,,,,,,,,,,,,,,,,,,,,,,,,,,,,,,,,,,,,,,,,,,,,,,,,,,,,,,,,,,,,,,,,,,,,,,,,
Arkansas : electric power,dollars per million Btu,ELEC.COST_BTU.PC-AR-98.M,--,--,--,--,--,--,--,--,--,--,--,--,--,--,--,--,--,--,--,--,--,--,--,--,--,--,--,--,--,--,--,--,--,--,--,--,--,--,--,--,--,--,--,--,--,--,--,--,--,--,--,--,--,--,--,--,--,--,--,--,--,--,--,--,--,--,--,--,--,--,--,--,--,--,--,--,--,--,--,--,--,--,--,--,--,--,--,--,--,--,--,--,--,--,--,--,--,--,--,--,--,--,--,--,--,--,--
Arkansas : electric utility,dollars per million Btu,ELEC.COST_BTU.PC-AR-1.M,--,--,--,--,--,--,--,--,--,--,--,--,--,--,--,--,--,--,--,--,--,--,--,--,--,--,--,--,--,--,--,--,--,--,--,--,--,--,--,--,--,--,--,--,--,--,--,--,--,--,--,--,--,--,--,--,--,--,--,--,--,--,--,--,--,--,--,--,--,--,--,--,--,--,--,--,--,--,--,--,--,--,--,--,--,--,--,--,--,--,--,--,--,--,--,--,--,--,--,--,--,--,--,--,--,--,--
Arkansas : independent power producers,dollars per million Btu,ELEC.COST_BTU.PC-AR-94.M,--,--,--,--,--,--,--,--,--,--,--,--,--,--,--,--,--,--,--,--,--,--,--,--,--,--,--,--,--,--,--,--,--,--,--,--,--,--,--,--,--,--,--,--,--,--,--,--,--,--,--,--,--,--,--,--,--,--,--,--,--,--,--,--,--,--,--,--,--,--,--,--,--,--,--,--,--,--,--,--,--,--,--,--,--,--,--,--,--,--,--,--,--,--,--,--,--,--,--,--,--,--,--,--,--,--,--
Louisiana,,ELEC.COST_BTU.PC-LA-99.M,,,,,,,,,,,,,,,,,,,,,,,,,,,,,,,,,,,,,,,,,,,,,,,,,,,,,,,,,,,,,,,,,,,,,,,,,,,,,,,,,,,,,,,,,,,,,,,,,,,,,,,,,,,
Louisiana : all sectors,,ELEC.COST_BTU.PC-LA-99.M,,,,,,,,,,,,,,,,,,,,,,,,,,,,,,,,,,,,,,,,,,,,,,,,,,,,,,,,,,,,,,,,,,,,,,,,,,,,,,,,,,,,,,,,,,,,,,,,,,,,,,,,,,,
Louisiana : electric power,dollars per million Btu,ELEC.COST_BTU.PC-LA-98.M,1.6,1.82,1.7,1.85,2,2.22,2.44,2.5,2.79,2.86,3.29,2.92,2.2,1.65,W,0.97,0.53,1.27,1.34,1.15,0.95,1.32,1.45,1.76,1.81,1.52,2.47,2.28,2.46,2.82,2.64,2.66,2.76,2.91,2.92,3.06,3,3.19,3.45,3.37,3.76,3.55,3.41,3.24,3.02,2.72,2.44,2.14,1.93,1.85,1.85,1.65,1.93,2.31,2.05,2.05,2.15,2.07,1.99,1.93,1.95,1.92,2.04,2.01,1.96,2,2.04,1.92,1.83,1.94,1.93,1.91,1.83,1.91,2,2.24,2.28,2.17,2,2.08,2.05,1.61,1.79,1.83,1.92,1.92,1.9,1.96,1.96,1.63,1.89,1.85,1.8,1.66,1.49,1.3,1.07,1.1,1.1,1.11,1.21,1.16,1.36,1.5,1.98,2.02,2.34
Louisiana : electric utility,dollars per million Btu,ELEC.COST_BTU.PC-LA-1.M,1.6,1.82,1.7,1.85,2,2.22,2.44,2.5,2.79,2.86,3.29,2.92,2.2,1.65,1.15,0.97,0.53,1.27,1.34,1.15,0.95,1.32,1.45,1.76,1.81,1.52,2.47,2.28,2.46,2.82,2.64,2.66,2.76,2.91,2.92,3.06,3,3.19,3.45,3.37,3.76,3.55,3.41,3.24,3.02,2.72,2.44,2.14,1.93,1.85,1.85,1.65,1.93,2.31,2.05,2.05,2.15,2.07,1.99,1.93,1.95,1.92,2.04,2.01,1.96,2,2.04,1.92,1.83,1.94,1.93,1.91,1.83,1.91,2,2.24,2.28,2.17,2,2.08,2.05,1.61,1.79,1.83,1.92,1.92,1.9,1.96,1.96,1.63,1.89,1.85,1.8,1.66,1.49,1.3,1.07,1.1,1.1,1.11,1.21,1.16,1.36,1.5,1.98,2.02,2.34
Louisiana : independent power producers,dollars per million Btu,ELEC.COST_BTU.PC-LA-94.M,--,--,--,--,--,--,--,--,--,--,--,--,--,--,--,--,--,--,--,--,--,--,--,--,--,--,--,--,--,--,--,--,--,--,--,--,--,--,--,--,--,--,--,--,--,--,--,--,--,--,--,--,--,--,--,--,--,--,--,--,--,--,--,--,--,--,--,--,--,--,--,--,--,--,--,--,--,--,--,--,--,--,--,--,--,--,--,--,--,--,--,--,--,--,--,--,--,--,--,--,--,--,--,--,--,--,--
Oklahoma,,ELEC.COST_BTU.PC-OK-99.M,,,,,,,,,,,,,,,,,,,,,,,,,,,,,,,,,,,,,,,,,,,,,,,,,,,,,,,,,,,,,,,,,,,,,,,,,,,,,,,,,,,,,,,,,,,,,,,,,,,,,,,,,,,
Oklahoma : all sectors,,ELEC.COST_BTU.PC-OK-99.M,,,,,,,,,,,,,,,,,,,,,,,,,,,,,,,,,,,,,,,,,,,,,,,,,,,,,,,,,,,,,,,,,,,,,,,,,,,,,,,,,,,,,,,,,,,,,,,,,,,,,,,,,,,
Oklahoma : electric power,dollars per million Btu,ELEC.COST_BTU.PC-OK-98.M,--,--,--,--,--,--,--,--,--,--,--,--,--,--,--,--,--,--,--,--,--,--,--,--,--,--,--,--,--,--,--,--,--,--,--,--,--,--,--,--,--,--,--,--,--,--,--,--,--,--,--,--,--,--,--,--,--,--,--,--,--,--,--,--,--,--,--,--,--,--,--,--,--,--,--,--,--,--,--,--,--,--,--,--,--,--,--,--,--,--,--,--,--,--,--,--,--,--,--,--,--,--,--,--,--,--,--
Oklahoma : electric utility,dollars per million Btu,ELEC.COST_BTU.PC-OK-1.M,--,--,--,--,--,--,--,--,--,--,--,--,--,--,--,--,--,--,--,--,--,--,--,--,--,--,--,--,--,--,--,--,--,--,--,--,--,--,--,--,--,--,--,--,--,--,--,--,--,--,--,--,--,--,--,--,--,--,--,--,--,--,--,--,--,--,--,--,--,--,--,--,--,--,--,--,--,--,--,--,--,--,--,--,--,--,--,--,--,--,--,--,--,--,--,--,--,--,--,--,--,--,--,--,--,--,--
Oklahoma : independent power producers,dollars per million Btu,ELEC.COST_BTU.PC-OK-94.M,--,--,--,--,--,--,--,--,--,--,--,--,--,--,--,--,--,--,--,--,--,--,--,--,--,--,--,--,--,--,--,--,--,--,--,--,--,--,--,--,--,--,--,--,--,--,--,--,--,--,--,--,--,--,--,--,--,--,--,--,--,--,--,--,--,--,--,--,--,--,--,--,--,--,--,--,--,--,--,--,--,--,--,--,--,--,--,--,--,--,--,--,--,--,--,--,--,--,--,--,--,--,--,--,--,--,--
Texas,,ELEC.COST_BTU.PC-TX-99.M,,,,,,,,,,,,,,,,,,,,,,,,,,,,,,,,,,,,,,,,,,,,,,,,,,,,,,,,,,,,,,,,,,,,,,,,,,,,,,,,,,,,,,,,,,,,,,,,,,,,,,,,,,,
Texas : all sectors,,ELEC.COST_BTU.PC-TX-99.M,,,,,,,,,,,,,,,,,,,,,,,,,,,,,,,,,,,,,,,,,,,,,,,,,,,,,,,,,,,,,,,,,,,,,,,,,,,,,,,,,,,,,,,,,,,,,,,,,,,,,,,,,,,
Texas : electric power,dollars per million Btu,ELEC.COST_BTU.PC-TX-98.M,W,W,W,W,W,W,W,W,W,W,0,W,W,W,W,W,W,W,W,W,W,1.22,W,W,W,W,W,W,W,W,W,W,W,0,W,2.97,0,0,0,W,0,0,W,0,0,0,W,0,W,0,0,0,0,W,W,W,0,0,0,0,0,0,0,0,0,0,0,0,0,0,0,0,0,0,0,0,0,0,0,0,0,0,0,0,0,0,0,0,0,0,0,0,0,0,0,0,0,0,0,0,0,0,0,0,0,0,0
Texas : electric utility,dollars per million Btu,ELEC.COST_BTU.PC-TX-1.M,0,0,0,0,0,0,0,0,0,0,0,0,0,0,0,0,0,0,0,0,0,0,0,0,0,0,0,0,0,0,0,0,0,0,0,0,0,0,0,0,0,0,0,0,0,0,0,0,0,0,0,0,0,0,0,0,0,0,0,0,0,0,0,0,0,0,0,0,0,0,0,0,0,0,0,0,0,--,--,--,--,--,--,--,--,--,--,--,--,--,--,--,--,--,--,--,--,--,0,--,--,--,--,--,--,--,--
Texas : independent power producers,dollars per million Btu,ELEC.COST_BTU.PC-TX-94.M,W,W,W,W,W,W,W,W,W,W,0,W,W,W,W,W,W,W,W,W,W,1.22,W,W,W,W,W,W,W,W,W,W,W,0,W,2.97,0,0,0,W,0,0,W,0,0,0,W,0,W,0,0,0,0,W,W,W,0,0,0,0,0,0,0,0,0,0,0,0,0,0,0,0,0,0,0,0,0,0,0,0,0,0,0,0,0,0,0,0,0,0,0,0,0,0,0,0,0,0,0,0,0,0,0,0,0,0,0
Mountain,,ELEC.COST_BTU.PC-MTN-99.M,,,,,,,,,,,,,,,,,,,,,,,,,,,,,,,,,,,,,,,,,,,,,,,,,,,,,,,,,,,,,,,,,,,,,,,,,,,,,,,,,,,,,,,,,,,,,,,,,,,,,,,,,,,
Mountain : all sectors,,ELEC.COST_BTU.PC-MTN-99.M,,,,,,,,,,,,,,,,,,,,,,,,,,,,,,,,,,,,,,,,,,,,,,,,,,,,,,,,,,,,,,,,,,,,,,,,,,,,,,,,,,,,,,,,,,,,,,,,,,,,,,,,,,,
Mountain : electric power,dollars per million Btu,ELEC.COST_BTU.PC-MTN-98.M,W,W,W,W,W,W,W,--,W,W,W,W,W,W,W,W,W,W,W,W,W,0.3,W,W,W,W,W,W,W,W,W,W,W,W,W,W,W,W,W,W,W,W,W,W,W,W,W,W,W,W,W,W,W,W,W,W,W,W,W,W,0,0,0,0,0,0,0,0,0,0,0,0,0,0,0,0,0,0,0,0,0,0,0,0,0,0,0,0,0,0,0,0,0,0,0,0,0,0,0,0,0,0,0,0,0,0,0
Mountain : electric utility,dollars per million Btu,ELEC.COST_BTU.PC-MTN-1.M,--,--,--,--,--,--,--,--,--,--,--,--,--,--,--,--,--,--,--,--,--,--,--,--,--,--,--,--,--,--,--,--,--,--,--,--,--,--,--,--,--,--,--,--,--,--,--,--,--,--,--,--,--,--,--,--,--,--,--,--,--,--,--,--,--,--,--,--,--,--,--,--,--,--,--,--,--,--,--,--,--,--,--,--,--,--,--,--,--,--,--,--,--,--,--,--,--,--,--,--,--,--,--,--,--,--,--
Mountain : independent power producers,dollars per million Btu,ELEC.COST_BTU.PC-MTN-94.M,W,W,W,W,W,W,W,--,W,W,W,W,W,W,W,W,W,W,W,W,W,0.3,W,W,W,W,W,W,W,W,W,W,W,W,W,W,W,W,W,W,W,W,W,W,W,W,W,W,W,W,W,W,W,W,W,W,W,W,W,W,0,0,0,0,0,0,0,0,0,0,0,0,0,0,0,0,0,0,0,0,0,0,0,0,0,0,0,0,0,0,0,0,0,0,0,0,0,0,0,0,0,0,0,0,0,0,0
Arizona,,ELEC.COST_BTU.PC-AZ-99.M,,,,,,,,,,,,,,,,,,,,,,,,,,,,,,,,,,,,,,,,,,,,,,,,,,,,,,,,,,,,,,,,,,,,,,,,,,,,,,,,,,,,,,,,,,,,,,,,,,,,,,,,,,,
Arizona : all sectors,,ELEC.COST_BTU.PC-AZ-99.M,,,,,,,,,,,,,,,,,,,,,,,,,,,,,,,,,,,,,,,,,,,,,,,,,,,,,,,,,,,,,,,,,,,,,,,,,,,,,,,,,,,,,,,,,,,,,,,,,,,,,,,,,,,
Arizona : electric power,dollars per million Btu,ELEC.COST_BTU.PC-AZ-98.M,--,--,--,--,--,--,--,--,--,--,--,--,--,--,--,--,--,--,--,--,--,--,--,--,--,--,--,--,--,--,--,--,--,--,--,--,--,--,--,--,--,--,--,--,--,--,--,--,--,--,--,--,--,--,--,--,--,--,--,--,--,--,--,--,--,--,--,--,--,--,--,--,--,--,--,--,--,--,--,--,--,--,--,--,--,--,--,--,--,--,--,--,--,--,--,--,--,--,--,--,--,--,--,--,--,--,--
Arizona : electric utility,dollars per million Btu,ELEC.COST_BTU.PC-AZ-1.M,--,--,--,--,--,--,--,--,--,--,--,--,--,--,--,--,--,--,--,--,--,--,--,--,--,--,--,--,--,--,--,--,--,--,--,--,--,--,--,--,--,--,--,--,--,--,--,--,--,--,--,--,--,--,--,--,--,--,--,--,--,--,--,--,--,--,--,--,--,--,--,--,--,--,--,--,--,--,--,--,--,--,--,--,--,--,--,--,--,--,--,--,--,--,--,--,--,--,--,--,--,--,--,--,--,--,--
Arizona : independent power producers,dollars per million Btu,ELEC.COST_BTU.PC-AZ-94.M,--,--,--,--,--,--,--,--,--,--,--,--,--,--,--,--,--,--,--,--,--,--,--,--,--,--,--,--,--,--,--,--,--,--,--,--,--,--,--,--,--,--,--,--,--,--,--,--,--,--,--,--,--,--,--,--,--,--,--,--,--,--,--,--,--,--,--,--,--,--,--,--,--,--,--,--,--,--,--,--,--,--,--,--,--,--,--,--,--,--,--,--,--,--,--,--,--,--,--,--,--,--,--,--,--,--,--
Colorado,,ELEC.COST_BTU.PC-CO-99.M,,,,,,,,,,,,,,,,,,,,,,,,,,,,,,,,,,,,,,,,,,,,,,,,,,,,,,,,,,,,,,,,,,,,,,,,,,,,,,,,,,,,,,,,,,,,,,,,,,,,,,,,,,,
Colorado : all sectors,,ELEC.COST_BTU.PC-CO-99.M,,,,,,,,,,,,,,,,,,,,,,,,,,,,,,,,,,,,,,,,,,,,,,,,,,,,,,,,,,,,,,,,,,,,,,,,,,,,,,,,,,,,,,,,,,,,,,,,,,,,,,,,,,,
Colorado : electric power,dollars per million Btu,ELEC.COST_BTU.PC-CO-98.M,--,--,--,--,--,--,--,--,--,--,--,--,--,--,--,--,--,--,--,--,--,--,--,--,--,--,--,--,--,--,--,--,--,--,--,--,--,--,--,--,--,--,--,--,--,--,--,--,--,--,--,--,--,--,--,--,--,--,--,--,--,--,--,--,--,--,--,--,--,--,--,--,--,--,--,--,--,--,--,--,--,--,--,--,--,--,--,--,--,--,--,--,--,--,--,--,--,--,--,--,--,--,--,--,--,--,--
Colorado : electric utility,dollars per million Btu,ELEC.COST_BTU.PC-CO-1.M,--,--,--,--,--,--,--,--,--,--,--,--,--,--,--,--,--,--,--,--,--,--,--,--,--,--,--,--,--,--,--,--,--,--,--,--,--,--,--,--,--,--,--,--,--,--,--,--,--,--,--,--,--,--,--,--,--,--,--,--,--,--,--,--,--,--,--,--,--,--,--,--,--,--,--,--,--,--,--,--,--,--,--,--,--,--,--,--,--,--,--,--,--,--,--,--,--,--,--,--,--,--,--,--,--,--,--
Colorado : independent power producers,dollars per million Btu,ELEC.COST_BTU.PC-CO-94.M,--,--,--,--,--,--,--,--,--,--,--,--,--,--,--,--,--,--,--,--,--,--,--,--,--,--,--,--,--,--,--,--,--,--,--,--,--,--,--,--,--,--,--,--,--,--,--,--,--,--,--,--,--,--,--,--,--,--,--,--,--,--,--,--,--,--,--,--,--,--,--,--,--,--,--,--,--,--,--,--,--,--,--,--,--,--,--,--,--,--,--,--,--,--,--,--,--,--,--,--,--,--,--,--,--,--,--
Idaho,,ELEC.COST_BTU.PC-ID-99.M,,,,,,,,,,,,,,,,,,,,,,,,,,,,,,,,,,,,,,,,,,,,,,,,,,,,,,,,,,,,,,,,,,,,,,,,,,,,,,,,,,,,,,,,,,,,,,,,,,,,,,,,,,,
Idaho : all sectors,,ELEC.COST_BTU.PC-ID-99.M,,,,,,,,,,,,,,,,,,,,,,,,,,,,,,,,,,,,,,,,,,,,,,,,,,,,,,,,,,,,,,,,,,,,,,,,,,,,,,,,,,,,,,,,,,,,,,,,,,,,,,,,,,,
Idaho : electric power,dollars per million Btu,ELEC.COST_BTU.PC-ID-98.M,--,--,--,--,--,--,--,--,--,--,--,--,--,--,--,--,--,--,--,--,--,--,--,--,--,--,--,--,--,--,--,--,--,--,--,--,--,--,--,--,--,--,--,--,--,--,--,--,--,--,--,--,--,--,--,--,--,--,--,--,--,--,--,--,--,--,--,--,--,--,--,--,--,--,--,--,--,--,--,--,--,--,--,--,--,--,--,--,--,--,--,--,--,--,--,--,--,--,--,--,--,--,--,--,--,--,--
Idaho : electric utility,dollars per million Btu,ELEC.COST_BTU.PC-ID-1.M,--,--,--,--,--,--,--,--,--,--,--,--,--,--,--,--,--,--,--,--,--,--,--,--,--,--,--,--,--,--,--,--,--,--,--,--,--,--,--,--,--,--,--,--,--,--,--,--,--,--,--,--,--,--,--,--,--,--,--,--,--,--,--,--,--,--,--,--,--,--,--,--,--,--,--,--,--,--,--,--,--,--,--,--,--,--,--,--,--,--,--,--,--,--,--,--,--,--,--,--,--,--,--,--,--,--,--
Idaho : independent power producers,dollars per million Btu,ELEC.COST_BTU.PC-ID-94.M,--,--,--,--,--,--,--,--,--,--,--,--,--,--,--,--,--,--,--,--,--,--,--,--,--,--,--,--,--,--,--,--,--,--,--,--,--,--,--,--,--,--,--,--,--,--,--,--,--,--,--,--,--,--,--,--,--,--,--,--,--,--,--,--,--,--,--,--,--,--,--,--,--,--,--,--,--,--,--,--,--,--,--,--,--,--,--,--,--,--,--,--,--,--,--,--,--,--,--,--,--,--,--,--,--,--,--
Montana,,ELEC.COST_BTU.PC-MT-99.M,,,,,,,,,,,,,,,,,,,,,,,,,,,,,,,,,,,,,,,,,,,,,,,,,,,,,,,,,,,,,,,,,,,,,,,,,,,,,,,,,,,,,,,,,,,,,,,,,,,,,,,,,,,
Montana : all sectors,,ELEC.COST_BTU.PC-MT-99.M,,,,,,,,,,,,,,,,,,,,,,,,,,,,,,,,,,,,,,,,,,,,,,,,,,,,,,,,,,,,,,,,,,,,,,,,,,,,,,,,,,,,,,,,,,,,,,,,,,,,,,,,,,,
Montana : electric power,dollars per million Btu,ELEC.COST_BTU.PC-MT-98.M,W,W,W,W,W,W,W,0,W,W,W,W,W,W,W,W,W,W,W,W,W,0.3,W,W,W,W,W,W,W,W,W,W,W,W,W,W,W,W,W,W,W,W,W,W,W,W,W,W,W,W,W,W,W,W,W,W,W,W,W,W,0,0,0,0,0,0,0,0,0,0,0,0,0,0,0,0,0,0,0,0,0,0,0,0,0,0,0,0,0,0,0,0,0,0,0,0,0,0,0,0,0,0,0,0,0,0,0
Montana : electric utility,dollars per million Btu,ELEC.COST_BTU.PC-MT-1.M,--,--,--,--,--,--,--,--,--,--,--,--,--,--,--,--,--,--,--,--,--,--,--,--,--,--,--,--,--,--,--,--,--,--,--,--,--,--,--,--,--,--,--,--,--,--,--,--,--,--,--,--,--,--,--,--,--,--,--,--,--,--,--,--,--,--,--,--,--,--,--,--,--,--,--,--,--,--,--,--,--,--,--,--,--,--,--,--,--,--,--,--,--,--,--,--,--,--,--,--,--,--,--,--,--,--,--
Montana : independent power producers,dollars per million Btu,ELEC.COST_BTU.PC-MT-94.M,W,W,W,W,W,W,W,0,W,W,W,W,W,W,W,W,W,W,W,W,W,0.3,W,W,W,W,W,W,W,W,W,W,W,W,W,W,W,W,W,W,W,W,W,W,W,W,W,W,W,W,W,W,W,W,W,W,W,W,W,W,0,0,0,0,0,0,0,0,0,0,0,0,0,0,0,0,0,0,0,0,0,0,0,0,0,0,0,0,0,0,0,0,0,0,0,0,0,0,0,0,0,0,0,0,0,0,0
Nevada,,ELEC.COST_BTU.PC-NV-99.M,,,,,,,,,,,,,,,,,,,,,,,,,,,,,,,,,,,,,,,,,,,,,,,,,,,,,,,,,,,,,,,,,,,,,,,,,,,,,,,,,,,,,,,,,,,,,,,,,,,,,,,,,,,
Nevada : all sectors,,ELEC.COST_BTU.PC-NV-99.M,,,,,,,,,,,,,,,,,,,,,,,,,,,,,,,,,,,,,,,,,,,,,,,,,,,,,,,,,,,,,,,,,,,,,,,,,,,,,,,,,,,,,,,,,,,,,,,,,,,,,,,,,,,
Nevada : electric power,dollars per million Btu,ELEC.COST_BTU.PC-NV-98.M,--,--,--,--,--,--,--,--,--,--,--,--,--,--,--,--,--,--,--,--,--,--,--,--,--,--,--,--,--,--,--,--,--,--,--,--,--,--,--,--,--,--,--,--,--,--,--,--,--,--,--,--,--,--,--,--,--,--,--,--,--,--,--,--,--,--,--,--,--,--,--,--,--,--,--,--,--,--,--,--,--,--,--,--,--,--,--,--,--,--,--,--,--,--,--,--,--,--,--,--,--,--,--,--,--,--,--
Nevada : electric utility,dollars per million Btu,ELEC.COST_BTU.PC-NV-1.M,--,--,--,--,--,--,--,--,--,--,--,--,--,--,--,--,--,--,--,--,--,--,--,--,--,--,--,--,--,--,--,--,--,--,--,--,--,--,--,--,--,--,--,--,--,--,--,--,--,--,--,--,--,--,--,--,--,--,--,--,--,--,--,--,--,--,--,--,--,--,--,--,--,--,--,--,--,--,--,--,--,--,--,--,--,--,--,--,--,--,--,--,--,--,--,--,--,--,--,--,--,--,--,--,--,--,--
Nevada : independent power producers,dollars per million Btu,ELEC.COST_BTU.PC-NV-94.M,--,--,--,--,--,--,--,--,--,--,--,--,--,--,--,--,--,--,--,--,--,--,--,--,--,--,--,--,--,--,--,--,--,--,--,--,--,--,--,--,--,--,--,--,--,--,--,--,--,--,--,--,--,--,--,--,--,--,--,--,--,--,--,--,--,--,--,--,--,--,--,--,--,--,--,--,--,--,--,--,--,--,--,--,--,--,--,--,--,--,--,--,--,--,--,--,--,--,--,--,--,--,--,--,--,--,--
New Mexico,,ELEC.COST_BTU.PC-NM-99.M,,,,,,,,,,,,,,,,,,,,,,,,,,,,,,,,,,,,,,,,,,,,,,,,,,,,,,,,,,,,,,,,,,,,,,,,,,,,,,,,,,,,,,,,,,,,,,,,,,,,,,,,,,,
New Mexico : all sectors,,ELEC.COST_BTU.PC-NM-99.M,,,,,,,,,,,,,,,,,,,,,,,,,,,,,,,,,,,,,,,,,,,,,,,,,,,,,,,,,,,,,,,,,,,,,,,,,,,,,,,,,,,,,,,,,,,,,,,,,,,,,,,,,,,
New Mexico : electric power,dollars per million Btu,ELEC.COST_BTU.PC-NM-98.M,--,--,--,--,--,--,--,--,--,--,--,--,--,--,--,--,--,--,--,--,--,--,--,--,--,--,--,--,--,--,--,--,--,--,--,--,--,--,--,--,--,--,--,--,--,--,--,--,--,--,--,--,--,--,--,--,--,--,--,--,--,--,--,--,--,--,--,--,--,--,--,--,--,--,--,--,--,--,--,--,--,--,--,--,--,--,--,--,--,--,--,--,--,--,--,--,--,--,--,--,--,--,--,--,--,--,--
New Mexico : electric utility,dollars per million Btu,ELEC.COST_BTU.PC-NM-1.M,--,--,--,--,--,--,--,--,--,--,--,--,--,--,--,--,--,--,--,--,--,--,--,--,--,--,--,--,--,--,--,--,--,--,--,--,--,--,--,--,--,--,--,--,--,--,--,--,--,--,--,--,--,--,--,--,--,--,--,--,--,--,--,--,--,--,--,--,--,--,--,--,--,--,--,--,--,--,--,--,--,--,--,--,--,--,--,--,--,--,--,--,--,--,--,--,--,--,--,--,--,--,--,--,--,--,--
New Mexico : independent power producers,dollars per million Btu,ELEC.COST_BTU.PC-NM-94.M,--,--,--,--,--,--,--,--,--,--,--,--,--,--,--,--,--,--,--,--,--,--,--,--,--,--,--,--,--,--,--,--,--,--,--,--,--,--,--,--,--,--,--,--,--,--,--,--,--,--,--,--,--,--,--,--,--,--,--,--,--,--,--,--,--,--,--,--,--,--,--,--,--,--,--,--,--,--,--,--,--,--,--,--,--,--,--,--,--,--,--,--,--,--,--,--,--,--,--,--,--,--,--,--,--,--,--
Utah,,ELEC.COST_BTU.PC-UT-99.M,,,,,,,,,,,,,,,,,,,,,,,,,,,,,,,,,,,,,,,,,,,,,,,,,,,,,,,,,,,,,,,,,,,,,,,,,,,,,,,,,,,,,,,,,,,,,,,,,,,,,,,,,,,
Utah : all sectors,,ELEC.COST_BTU.PC-UT-99.M,,,,,,,,,,,,,,,,,,,,,,,,,,,,,,,,,,,,,,,,,,,,,,,,,,,,,,,,,,,,,,,,,,,,,,,,,,,,,,,,,,,,,,,,,,,,,,,,,,,,,,,,,,,
Utah : electric power,dollars per million Btu,ELEC.COST_BTU.PC-UT-98.M,--,--,--,--,--,--,--,--,--,--,--,--,--,--,--,--,--,--,--,--,--,--,--,--,--,--,--,--,--,--,--,--,--,--,--,--,--,--,--,--,--,--,--,--,--,--,--,--,--,--,--,--,--,--,--,--,--,--,--,--,--,--,--,--,--,--,--,--,--,--,--,--,--,--,--,--,--,--,--,--,--,--,--,--,--,--,--,--,--,--,--,--,--,--,--,--,--,--,--,--,--,--,--,--,--,--,--
Utah : electric utility,dollars per million Btu,ELEC.COST_BTU.PC-UT-1.M,--,--,--,--,--,--,--,--,--,--,--,--,--,--,--,--,--,--,--,--,--,--,--,--,--,--,--,--,--,--,--,--,--,--,--,--,--,--,--,--,--,--,--,--,--,--,--,--,--,--,--,--,--,--,--,--,--,--,--,--,--,--,--,--,--,--,--,--,--,--,--,--,--,--,--,--,--,--,--,--,--,--,--,--,--,--,--,--,--,--,--,--,--,--,--,--,--,--,--,--,--,--,--,--,--,--,--
Utah : independent power producers,dollars per million Btu,ELEC.COST_BTU.PC-UT-94.M,--,--,--,--,--,--,--,--,--,--,--,--,--,--,--,--,--,--,--,--,--,--,--,--,--,--,--,--,--,--,--,--,--,--,--,--,--,--,--,--,--,--,--,--,--,--,--,--,--,--,--,--,--,--,--,--,--,--,--,--,--,--,--,--,--,--,--,--,--,--,--,--,--,--,--,--,--,--,--,--,--,--,--,--,--,--,--,--,--,--,--,--,--,--,--,--,--,--,--,--,--,--,--,--,--,--,--
Wyoming,,ELEC.COST_BTU.PC-WY-99.M,,,,,,,,,,,,,,,,,,,,,,,,,,,,,,,,,,,,,,,,,,,,,,,,,,,,,,,,,,,,,,,,,,,,,,,,,,,,,,,,,,,,,,,,,,,,,,,,,,,,,,,,,,,
Wyoming : all sectors,,ELEC.COST_BTU.PC-WY-99.M,,,,,,,,,,,,,,,,,,,,,,,,,,,,,,,,,,,,,,,,,,,,,,,,,,,,,,,,,,,,,,,,,,,,,,,,,,,,,,,,,,,,,,,,,,,,,,,,,,,,,,,,,,,
Wyoming : electric power,dollars per million Btu,ELEC.COST_BTU.PC-WY-98.M,--,--,--,--,--,--,--,--,--,--,--,--,--,--,--,--,--,--,--,--,--,--,--,--,--,--,--,--,--,--,--,--,--,--,--,--,--,--,--,--,--,--,--,--,--,--,--,--,--,--,--,--,--,--,--,--,--,--,--,--,--,--,--,--,--,--,--,--,--,--,--,--,--,--,--,--,--,--,--,--,--,--,--,--,--,--,--,--,--,--,--,--,--,--,--,--,--,--,--,--,--,--,--,--,--,--,--
Wyoming : electric utility,dollars per million Btu,ELEC.COST_BTU.PC-WY-1.M,--,--,--,--,--,--,--,--,--,--,--,--,--,--,--,--,--,--,--,--,--,--,--,--,--,--,--,--,--,--,--,--,--,--,--,--,--,--,--,--,--,--,--,--,--,--,--,--,--,--,--,--,--,--,--,--,--,--,--,--,--,--,--,--,--,--,--,--,--,--,--,--,--,--,--,--,--,--,--,--,--,--,--,--,--,--,--,--,--,--,--,--,--,--,--,--,--,--,--,--,--,--,--,--,--,--,--
Wyoming : independent power producers,dollars per million Btu,ELEC.COST_BTU.PC-WY-94.M,--,--,--,--,--,--,--,--,--,--,--,--,--,--,--,--,--,--,--,--,--,--,--,--,--,--,--,--,--,--,--,--,--,--,--,--,--,--,--,--,--,--,--,--,--,--,--,--,--,--,--,--,--,--,--,--,--,--,--,--,--,--,--,--,--,--,--,--,--,--,--,--,--,--,--,--,--,--,--,--,--,--,--,--,--,--,--,--,--,--,--,--,--,--,--,--,--,--,--,--,--,--,--,--,--,--,--
Pacific Contiguous,,ELEC.COST_BTU.PC-PCC-99.M,,,,,,,,,,,,,,,,,,,,,,,,,,,,,,,,,,,,,,,,,,,,,,,,,,,,,,,,,,,,,,,,,,,,,,,,,,,,,,,,,,,,,,,,,,,,,,,,,,,,,,,,,,,
Pacific Contiguous : all sectors,,ELEC.COST_BTU.PC-PCC-99.M,,,,,,,,,,,,,,,,,,,,,,,,,,,,,,,,,,,,,,,,,,,,,,,,,,,,,,,,,,,,,,,,,,,,,,,,,,,,,,,,,,,,,,,,,,,,,,,,,,,,,,,,,,,
Pacific Contiguous : electric power,dollars per million Btu,ELEC.COST_BTU.PC-PCC-98.M,1.64,1.89,1.89,1.8,1.95,1.91,2.03,2.63,2.37,2.23,2.15,1.96,2.08,1.91,W,1.3,NM,1.63,1.67,1.86,1.43,1.6,1.36,1.66,1.72,1.82,2.07,2.14,2.14,2.02,NM,NM,2.54,W,2.04,2.41,NM,NM,2.94,2.87,3.08,NM,3.07,2.93,2.76,3.03,NM,2.69,W,W,W,0,0,0,0,0,0,0,0,0,0,0,0,0,0,0,0,0,0,0,0,0,0,0,0,0,0,0,0,0,0,0,0,0,0,0,0,0,0,0,0,0,0,0,0,0,0,0,0,0,0,0,0,0,0,0,0
Pacific Contiguous : electric utility,dollars per million Btu,ELEC.COST_BTU.PC-PCC-1.M,--,--,--,--,--,--,--,--,--,--,--,--,--,--,--,--,--,--,--,--,--,--,--,--,--,--,--,--,--,--,--,--,--,--,--,--,--,--,--,--,--,--,--,--,--,--,--,--,--,--,--,--,--,--,--,--,--,--,--,--,--,--,--,--,--,--,--,--,--,--,--,--,--,--,--,--,--,--,--,--,--,--,--,--,--,--,--,--,--,--,--,--,--,--,--,--,--,--,--,--,--,--,--,--,--,--,--
Pacific Contiguous : independent power producers,dollars per million Btu,ELEC.COST_BTU.PC-PCC-94.M,1.64,1.89,1.89,1.8,1.95,1.91,2.03,2.63,2.37,2.23,2.15,1.96,2.08,1.91,W,1.3,NM,1.63,1.67,1.86,1.43,1.6,1.36,1.66,1.72,1.82,2.07,2.14,2.14,2.02,NM,NM,2.54,W,2.04,2.41,NM,NM,2.94,2.87,3.08,NM,3.07,2.93,2.76,3.03,NM,2.69,W,W,W,0,0,0,0,0,0,0,0,0,0,0,0,0,0,0,0,0,0,0,0,0,0,0,0,0,0,0,0,0,0,0,0,0,0,0,0,0,0,0,0,0,0,0,0,0,0,0,0,0,0,0,0,0,0,0,0
California,,ELEC.COST_BTU.PC-CA-99.M,,,,,,,,,,,,,,,,,,,,,,,,,,,,,,,,,,,,,,,,,,,,,,,,,,,,,,,,,,,,,,,,,,,,,,,,,,,,,,,,,,,,,,,,,,,,,,,,,,,,,,,,,,,
California : all sectors,,ELEC.COST_BTU.PC-CA-99.M,,,,,,,,,,,,,,,,,,,,,,,,,,,,,,,,,,,,,,,,,,,,,,,,,,,,,,,,,,,,,,,,,,,,,,,,,,,,,,,,,,,,,,,,,,,,,,,,,,,,,,,,,,,
California : electric power,dollars per million Btu,ELEC.COST_BTU.PC-CA-98.M,1.64,1.89,1.89,1.8,1.95,1.91,2.03,2.63,2.37,2.23,2.15,1.96,2.08,1.91,W,1.3,NM,1.63,1.67,1.86,1.43,1.6,1.36,1.66,1.72,1.82,2.07,2.14,2.14,2.02,NM,NM,2.54,W,2.04,2.41,NM,NM,2.94,2.87,3.08,NM,3.07,2.93,2.76,3.03,NM,2.69,W,W,W,0,0,0,0,0,0,0,0,0,0,0,0,0,0,0,0,0,0,0,0,0,0,0,0,0,0,0,0,0,0,0,0,0,0,0,0,0,0,0,0,0,0,0,0,0,0,0,0,0,0,0,0,0,0,0,0
California : electric utility,dollars per million Btu,ELEC.COST_BTU.PC-CA-1.M,--,--,--,--,--,--,--,--,--,--,--,--,--,--,--,--,--,--,--,--,--,--,--,--,--,--,--,--,--,--,--,--,--,--,--,--,--,--,--,--,--,--,--,--,--,--,--,--,--,--,--,--,--,--,--,--,--,--,--,--,--,--,--,--,--,--,--,--,--,--,--,--,--,--,--,--,--,--,--,--,--,--,--,--,--,--,--,--,--,--,--,--,--,--,--,--,--,--,--,--,--,--,--,--,--,--,--
California : independent power producers,dollars per million Btu,ELEC.COST_BTU.PC-CA-94.M,1.64,1.89,1.89,1.8,1.95,1.91,2.03,2.63,2.37,2.23,2.15,1.96,2.08,1.91,W,1.3,NM,1.63,1.67,1.86,1.43,1.6,1.36,1.66,1.72,1.82,2.07,2.14,2.14,2.02,NM,NM,2.54,W,2.04,2.41,NM,NM,2.94,2.87,3.08,NM,3.07,2.93,2.76,3.03,NM,2.69,W,W,W,0,0,0,0,0,0,0,0,0,0,0,0,0,0,0,0,0,0,0,0,0,0,0,0,0,0,0,0,0,0,0,0,0,0,0,0,0,0,0,0,0,0,0,0,0,0,0,0,0,0,0,0,0,0,0,0
Oregon,,ELEC.COST_BTU.PC-OR-99.M,,,,,,,,,,,,,,,,,,,,,,,,,,,,,,,,,,,,,,,,,,,,,,,,,,,,,,,,,,,,,,,,,,,,,,,,,,,,,,,,,,,,,,,,,,,,,,,,,,,,,,,,,,,
Oregon : all sectors,,ELEC.COST_BTU.PC-OR-99.M,,,,,,,,,,,,,,,,,,,,,,,,,,,,,,,,,,,,,,,,,,,,,,,,,,,,,,,,,,,,,,,,,,,,,,,,,,,,,,,,,,,,,,,,,,,,,,,,,,,,,,,,,,,
Oregon : electric power,dollars per million Btu,ELEC.COST_BTU.PC-OR-98.M,--,--,--,--,--,--,--,--,--,--,--,--,--,--,--,--,--,--,--,--,--,--,--,--,--,--,--,--,--,--,--,--,--,--,--,--,--,--,--,--,--,--,--,--,--,--,--,--,--,--,--,--,--,--,--,--,--,--,--,--,--,--,--,--,--,--,--,--,--,--,--,--,--,--,--,--,--,--,--,--,--,--,--,--,--,--,--,--,--,--,--,--,--,--,--,--,--,--,--,--,--,--,--,--,--,--,--
Oregon : electric utility,dollars per million Btu,ELEC.COST_BTU.PC-OR-1.M,--,--,--,--,--,--,--,--,--,--,--,--,--,--,--,--,--,--,--,--,--,--,--,--,--,--,--,--,--,--,--,--,--,--,--,--,--,--,--,--,--,--,--,--,--,--,--,--,--,--,--,--,--,--,--,--,--,--,--,--,--,--,--,--,--,--,--,--,--,--,--,--,--,--,--,--,--,--,--,--,--,--,--,--,--,--,--,--,--,--,--,--,--,--,--,--,--,--,--,--,--,--,--,--,--,--,--
Oregon : independent power producers,dollars per million Btu,ELEC.COST_BTU.PC-OR-94.M,--,--,--,--,--,--,--,--,--,--,--,--,--,--,--,--,--,--,--,--,--,--,--,--,--,--,--,--,--,--,--,--,--,--,--,--,--,--,--,--,--,--,--,--,--,--,--,--,--,--,--,--,--,--,--,--,--,--,--,--,--,--,--,--,--,--,--,--,--,--,--,--,--,--,--,--,--,--,--,--,--,--,--,--,--,--,--,--,--,--,--,--,--,--,--,--,--,--,--,--,--,--,--,--,--,--,--
Washington,,ELEC.COST_BTU.PC-WA-99.M,,,,,,,,,,,,,,,,,,,,,,,,,,,,,,,,,,,,,,,,,,,,,,,,,,,,,,,,,,,,,,,,,,,,,,,,,,,,,,,,,,,,,,,,,,,,,,,,,,,,,,,,,,,
Washington : all sectors,,ELEC.COST_BTU.PC-WA-99.M,,,,,,,,,,,,,,,,,,,,,,,,,,,,,,,,,,,,,,,,,,,,,,,,,,,,,,,,,,,,,,,,,,,,,,,,,,,,,,,,,,,,,,,,,,,,,,,,,,,,,,,,,,,
Washington : electric power,dollars per million Btu,ELEC.COST_BTU.PC-WA-98.M,--,--,--,--,--,--,--,--,--,--,--,--,--,--,--,--,--,--,--,--,--,--,--,--,--,--,--,--,--,--,--,--,--,--,--,--,--,--,--,--,--,--,--,--,--,--,--,--,--,--,--,--,--,--,--,--,--,--,--,--,--,--,--,--,--,--,--,--,--,--,--,--,--,--,--,--,--,--,--,--,--,--,--,--,--,--,--,--,--,--,--,--,--,--,--,--,--,--,--,--,--,--,--,--,--,--,--
Washington : electric utility,dollars per million Btu,ELEC.COST_BTU.PC-WA-1.M,--,--,--,--,--,--,--,--,--,--,--,--,--,--,--,--,--,--,--,--,--,--,--,--,--,--,--,--,--,--,--,--,--,--,--,--,--,--,--,--,--,--,--,--,--,--,--,--,--,--,--,--,--,--,--,--,--,--,--,--,--,--,--,--,--,--,--,--,--,--,--,--,--,--,--,--,--,--,--,--,--,--,--,--,--,--,--,--,--,--,--,--,--,--,--,--,--,--,--,--,--,--,--,--,--,--,--
Washington : independent power producers,dollars per million Btu,ELEC.COST_BTU.PC-WA-94.M,--,--,--,--,--,--,--,--,--,--,--,--,--,--,--,--,--,--,--,--,--,--,--,--,--,--,--,--,--,--,--,--,--,--,--,--,--,--,--,--,--,--,--,--,--,--,--,--,--,--,--,--,--,--,--,--,--,--,--,--,--,--,--,--,--,--,--,--,--,--,--,--,--,--,--,--,--,--,--,--,--,--,--,--,--,--,--,--,--,--,--,--,--,--,--,--,--,--,--,--,--,--,--,--,--,--,--
Pacific Noncontiguous,,ELEC.COST_BTU.PC-PCN-99.M,,,,,,,,,,,,,,,,,,,,,,,,,,,,,,,,,,,,,,,,,,,,,,,,,,,,,,,,,,,,,,,,,,,,,,,,,,,,,,,,,,,,,,,,,,,,,,,,,,,,,,,,,,,
Pacific Noncontiguous : all sectors,,ELEC.COST_BTU.PC-PCN-99.M,,,,,,,,,,,,,,,,,,,,,,,,,,,,,,,,,,,,,,,,,,,,,,,,,,,,,,,,,,,,,,,,,,,,,,,,,,,,,,,,,,,,,,,,,,,,,,,,,,,,,,,,,,,
Pacific Noncontiguous : electric power,dollars per million Btu,ELEC.COST_BTU.PC-PCN-98.M,--,--,--,--,--,--,--,--,--,--,--,--,--,--,--,--,--,--,--,--,--,--,--,--,--,--,--,--,--,--,--,--,--,--,--,--,--,--,--,--,--,--,--,--,--,--,--,--,--,--,--,--,--,--,--,--,--,--,--,--,--,--,--,--,--,--,--,--,--,--,--,--,--,--,--,--,--,--,--,--,--,--,--,--,--,--,--,--,--,--,--,--,--,--,--,--,--,--,--,--,--,--,--,--,--,--,--
Pacific Noncontiguous : electric utility,dollars per million Btu,ELEC.COST_BTU.PC-PCN-1.M,--,--,--,--,--,--,--,--,--,--,--,--,--,--,--,--,--,--,--,--,--,--,--,--,--,--,--,--,--,--,--,--,--,--,--,--,--,--,--,--,--,--,--,--,--,--,--,--,--,--,--,--,--,--,--,--,--,--,--,--,--,--,--,--,--,--,--,--,--,--,--,--,--,--,--,--,--,--,--,--,--,--,--,--,--,--,--,--,--,--,--,--,--,--,--,--,--,--,--,--,--,--,--,--,--,--,--
Pacific Noncontiguous : independent power producers,dollars per million Btu,ELEC.COST_BTU.PC-PCN-94.M,--,--,--,--,--,--,--,--,--,--,--,--,--,--,--,--,--,--,--,--,--,--,--,--,--,--,--,--,--,--,--,--,--,--,--,--,--,--,--,--,--,--,--,--,--,--,--,--,--,--,--,--,--,--,--,--,--,--,--,--,--,--,--,--,--,--,--,--,--,--,--,--,--,--,--,--,--,--,--,--,--,--,--,--,--,--,--,--,--,--,--,--,--,--,--,--,--,--,--,--,--,--,--,--,--,--,--
Alaska,,ELEC.COST_BTU.PC-AK-99.M,,,,,,,,,,,,,,,,,,,,,,,,,,,,,,,,,,,,,,,,,,,,,,,,,,,,,,,,,,,,,,,,,,,,,,,,,,,,,,,,,,,,,,,,,,,,,,,,,,,,,,,,,,,
Alaska : all sectors,,ELEC.COST_BTU.PC-AK-99.M,,,,,,,,,,,,,,,,,,,,,,,,,,,,,,,,,,,,,,,,,,,,,,,,,,,,,,,,,,,,,,,,,,,,,,,,,,,,,,,,,,,,,,,,,,,,,,,,,,,,,,,,,,,
Alaska : electric power,dollars per million Btu,ELEC.COST_BTU.PC-AK-98.M,--,--,--,--,--,--,--,--,--,--,--,--,--,--,--,--,--,--,--,--,--,--,--,--,--,--,--,--,--,--,--,--,--,--,--,--,--,--,--,--,--,--,--,--,--,--,--,--,--,--,--,--,--,--,--,--,--,--,--,--,--,--,--,--,--,--,--,--,--,--,--,--,--,--,--,--,--,--,--,--,--,--,--,--,--,--,--,--,--,--,--,--,--,--,--,--,--,--,--,--,--,--,--,--,--,--,--
Alaska : electric utility,dollars per million Btu,ELEC.COST_BTU.PC-AK-1.M,--,--,--,--,--,--,--,--,--,--,--,--,--,--,--,--,--,--,--,--,--,--,--,--,--,--,--,--,--,--,--,--,--,--,--,--,--,--,--,--,--,--,--,--,--,--,--,--,--,--,--,--,--,--,--,--,--,--,--,--,--,--,--,--,--,--,--,--,--,--,--,--,--,--,--,--,--,--,--,--,--,--,--,--,--,--,--,--,--,--,--,--,--,--,--,--,--,--,--,--,--,--,--,--,--,--,--
Alaska : independent power producers,dollars per million Btu,ELEC.COST_BTU.PC-AK-94.M,--,--,--,--,--,--,--,--,--,--,--,--,--,--,--,--,--,--,--,--,--,--,--,--,--,--,--,--,--,--,--,--,--,--,--,--,--,--,--,--,--,--,--,--,--,--,--,--,--,--,--,--,--,--,--,--,--,--,--,--,--,--,--,--,--,--,--,--,--,--,--,--,--,--,--,--,--,--,--,--,--,--,--,--,--,--,--,--,--,--,--,--,--,--,--,--,--,--,--,--,--,--,--,--,--,--,--
Hawaii,,ELEC.COST_BTU.PC-HI-99.M,,,,,,,,,,,,,,,,,,,,,,,,,,,,,,,,,,,,,,,,,,,,,,,,,,,,,,,,,,,,,,,,,,,,,,,,,,,,,,,,,,,,,,,,,,,,,,,,,,,,,,,,,,,
Hawaii : all sectors,,ELEC.COST_BTU.PC-HI-99.M,,,,,,,,,,,,,,,,,,,,,,,,,,,,,,,,,,,,,,,,,,,,,,,,,,,,,,,,,,,,,,,,,,,,,,,,,,,,,,,,,,,,,,,,,,,,,,,,,,,,,,,,,,,
Hawaii : electric power,dollars per million Btu,ELEC.COST_BTU.PC-HI-98.M,--,--,--,--,--,--,--,--,--,--,--,--,--,--,--,--,--,--,--,--,--,--,--,--,--,--,--,--,--,--,--,--,--,--,--,--,--,--,--,--,--,--,--,--,--,--,--,--,--,--,--,--,--,--,--,--,--,--,--,--,--,--,--,--,--,--,--,--,--,--,--,--,--,--,--,--,--,--,--,--,--,--,--,--,--,--,--,--,--,--,--,--,--,--,--,--,--,--,--,--,--,--,--,--,--,--,--
Hawaii : electric utility,dollars per million Btu,ELEC.COST_BTU.PC-HI-1.M,--,--,--,--,--,--,--,--,--,--,--,--,--,--,--,--,--,--,--,--,--,--,--,--,--,--,--,--,--,--,--,--,--,--,--,--,--,--,--,--,--,--,--,--,--,--,--,--,--,--,--,--,--,--,--,--,--,--,--,--,--,--,--,--,--,--,--,--,--,--,--,--,--,--,--,--,--,--,--,--,--,--,--,--,--,--,--,--,--,--,--,--,--,--,--,--,--,--,--,--,--,--,--,--,--,--,--
Hawaii : independent power producers,dollars per million Btu,ELEC.COST_BTU.PC-HI-94.M,--,--,--,--,--,--,--,--,--,--,--,--,--,--,--,--,--,--,--,--,--,--,--,--,--,--,--,--,--,--,--,--,--,--,--,--,--,--,--,--,--,--,--,--,--,--,--,--,--,--,--,--,--,--,--,--,--,--,--,--,--,--,--,--,--,--,--,--,--,--,--,--,--,--,--,--,--,--,--,--,--,--,--,--,--,--,--,--,--,--,--,--,--,--,--,--,--,--,--,--,--,--,--,--,--,--,-- 
